PH-121,HS-101,CY-105,HS-105/12,MT-111,CS-105,CS-106,EL-102,EE-119,ME-107,CS-107,HS-205/20,MT-222,EE-222,MT-224,CS-210,CS-211,CS-203,CS-214,EE-217,CS-212,CS-215,MT-331,EF-303,HS-304,CS-301,CS-302,TC-383,EL-332,CS-318,CS-306,CS-312,CS-317,CGPA
2.7,1.4,1.7,2.0,1.7,1.4,1.0,1.7,2.7,1.7,1.7,3.4,1.0,3.7,2.7,2.4,1.4,1.4,1.0,4.0,1.0,1.7,2.0,1.7,2.4,3.0,2.0,2.4,2.0,1.7,2.0,1.7,1.7,2.205
4.0,1.0,1.4,1.0,2.7,2.0,1.0,4.0,1.4,1.0,3.4,2.4,2.7,1.7,1.4,1.4,1.0,2.0,1.0,2.7,2.0,1.0,1.4,1.0,1.7,3.7,1.4,1.7,2.0,3.7,1.0,1.4,1.0,2.008
4.0,3.0,4.0,2.7,3.4,4.0,2.7,3.4,3.7,3.7,2.7,3.7,4.0,4.0,4.0,4.0,4.0,4.0,3.7,4.0,3.7,4.0,4.0,2.4,4.0,3.4,3.7,3.0,3.4,3.7,3.7,3.0,3.0,3.608
1.0,2.4,1.4,1.0,1.0,3.7,1.4,1.7,1.0,2.4,1.0,3.0,1.4,2.7,1.0,2.0,3.4,2.4,1.0,1.4,1.0,1.0,1.4,1.0,2.7,1.0,2.7,1.4,1.4,3.4,1.7,1.4,2.0,1.906
3.7,3.7,3.7,3.4,4.0,4.0,3.7,3.4,4.0,3.7,2.0,4.0,4.0,3.7,3.7,3.7,2.7,4.0,3.7,4.0,3.7,3.7,2.4,1.7,3.7,2.7,3.7,2.4,3.7,2.7,3.7,2.7,3.4,3.448
4.0,2.7,3.0,1.4,2.4,3.7,2.4,3.0,3.4,3.4,1.7,3.7,2.7,3.4,3.7,3.4,3.0,3.7,3.0,3.7,3.7,2.4,3.4,1.7,3.7,2.7,2.4,3.0,3.7,2.7,3.4,2.0,2.7,3.026
2.7,1.7,3.7,1.0,3.7,3.0,4.0,3.4,3.7,3.4,3.7,4.0,2.0,2.4,1.7,2.7,2.7,3.4,2.0,4.0,2.4,1.7,2.4,2.4,3.4,3.4,3.0,1.7,3.7,2.0,2.4,2.7,2.0,2.957
3.4,3.4,2.4,2.0,2.0,3.7,1.7,3.7,3.0,3.7,3.4,4.0,3.4,3.4,2.0,3.7,3.4,3.7,2.0,3.7,2.4,2.0,2.0,2.4,3.7,1.4,3.7,2.0,3.0,3.0,3.4,1.4,3.4,3.043
3.7,2.0,3.7,1.4,3.0,3.7,3.7,3.7,3.4,3.7,3.7,4.0,4.0,3.7,2.7,3.7,3.7,4.0,2.7,4.0,2.4,2.4,3.7,1.7,3.4,3.0,3.0,3.4,3.7,3.4,3.7,3.4,3.0,3.358
4.0,3.0,2.4,3.0,3.0,3.7,2.0,2.7,3.7,4.0,2.4,3.7,2.7,4.0,3.7,4.0,2.7,4.0,2.7,3.7,2.7,3.7,3.0,3.4,3.7,2.7,2.7,2.4,3.4,2.7,3.7,2.4,2.7,3.247
3.7,2.7,3.4,1.7,1.7,2.7,2.4,2.7,4.0,3.7,1.4,4.0,2.7,3.7,1.0,3.4,2.7,3.0,2.4,3.7,1.4,2.0,3.4,2.0,3.7,2.0,3.0,1.4,2.0,3.7,3.4,2.0,2.7,2.681
3.7,2.0,3.7,2.4,1.7,4.0,2.7,3.4,3.7,3.7,3.7,4.0,3.4,3.7,3.7,4.0,3.7,4.0,4.0,4.0,3.7,3.7,2.7,2.4,3.7,2.4,2.7,3.0,4.0,2.7,3.7,3.7,2.7,3.281
3.0,2.0,3.7,2.0,2.7,3.0,1.4,2.0,3.4,3.7,3.7,2.7,3.4,3.4,3.7,2.4,1.7,3.0,1.7,2.7,1.4,1.0,3.4,1.4,3.7,3.7,2.7,2.0,2.7,3.0,2.4,1.7,2.0,2.792
4.0,1.7,3.7,1.7,3.0,3.7,2.4,3.7,3.7,3.7,1.7,4.0,3.4,4.0,3.7,3.7,3.0,3.7,2.4,4.0,3.4,3.4,4.0,3.7,3.7,3.7,3.7,3.4,4.0,3.7,3.7,3.0,3.7,3.523
4.0,2.0,3.7,2.4,3.7,4.0,2.7,3.7,3.7,4.0,2.0,3.7,2.7,3.7,4.0,3.4,2.7,3.7,2.7,4.0,3.7,3.4,3.0,1.4,3.7,3.7,3.7,2.4,4.0,3.7,3.7,2.4,3.7,3.443
3.7,1.7,2.7,1.0,2.7,3.4,2.7,3.7,3.0,3.7,2.0,3.0,3.7,2.7,2.7,2.7,2.4,3.7,2.4,4.0,1.0,2.7,2.0,2.7,3.7,1.7,3.7,1.7,2.0,2.0,2.7,3.0,2.0,2.777
3.7,1.7,4.0,1.4,3.7,4.0,3.0,3.7,3.7,4.0,3.0,3.7,3.7,4.0,4.0,3.7,3.7,4.0,3.4,4.0,3.0,3.4,4.0,2.7,3.4,2.0,3.7,2.7,3.7,2.4,2.7,2.0,2.7,3.248
2.7,1.7,2.0,1.0,1.0,2.4,1.4,3.0,3.4,1.4,1.0,3.4,1.0,2.7,1.0,1.4,2.4,3.4,2.0,2.0,1.4,1.0,1.4,2.0,1.7,1.0,1.0,1.0,1.4,1.0,1.0,1.0,1.4,1.787
4.0,1.7,4.0,2.4,3.7,4.0,3.7,4.0,4.0,4.0,3.0,3.7,4.0,3.7,3.7,3.7,3.4,4.0,3.7,3.7,3.0,3.7,3.7,1.7,2.7,4.0,3.7,3.4,3.7,3.7,3.7,2.7,3.7,3.572
3.4,2.0,3.7,1.7,3.7,3.4,3.7,3.7,4.0,4.0,3.4,4.0,3.7,4.0,3.7,3.7,3.7,4.0,3.4,3.7,3.4,4.0,3.7,1.7,3.0,3.7,3.4,3.0,4.0,3.0,2.7,2.0,3.4,3.483
3.4,2.0,3.0,1.4,2.7,1.7,1.7,1.7,1.7,3.7,1.4,3.7,2.7,1.4,3.4,2.7,1.7,2.7,1.7,3.7,1.0,1.4,2.0,1.4,2.7,1.4,2.7,1.7,2.0,2.0,2.0,1.4,1.7,2.246
3.0,3.4,2.7,2.0,3.7,3.7,1.4,2.4,3.0,2.0,2.0,3.0,3.0,3.7,2.4,2.7,2.4,3.0,1.7,3.4,2.4,2.0,3.7,3.4,3.4,3.7,3.4,3.0,1.7,3.0,2.0,2.4,3.4,2.956
3.4,2.4,2.7,2.4,1.7,3.7,2.7,2.4,3.7,2.4,2.7,3.7,1.4,4.0,2.7,3.4,1.0,3.7,2.7,3.7,3.4,2.7,3.0,1.7,3.0,3.0,3.7,2.4,3.4,2.7,3.4,1.7,3.0,2.953
4.0,3.7,4.0,3.7,4.0,4.0,2.7,3.7,3.4,4.0,3.0,3.7,3.4,3.7,4.0,3.7,3.7,4.0,3.7,4.0,3.4,3.7,3.7,2.7,3.4,3.4,3.7,3.7,3.7,3.7,3.7,2.7,2.7,3.586
4.0,2.7,3.7,3.0,3.4,3.7,3.0,4.0,4.0,3.7,2.4,4.0,3.0,3.7,3.7,4.0,3.0,4.0,3.7,3.7,3.7,3.7,4.0,2.7,3.4,3.7,3.0,2.7,4.0,3.0,3.0,2.7,3.4,3.475
2.4,1.7,2.0,1.7,1.0,2.7,1.0,2.4,3.7,3.4,1.0,3.7,1.4,3.4,1.4,2.0,1.0,3.4,1.4,2.0,1.0,1.0,1.0,2.0,3.0,1.4,2.7,1.4,2.7,1.7,2.0,1.4,1.4,2.228
4.0,3.4,4.0,3.7,3.7,4.0,2.4,4.0,4.0,3.7,3.4,3.7,3.0,3.7,3.7,3.7,2.7,4.0,3.0,4.0,3.7,3.7,3.0,1.7,3.4,3.4,3.7,2.0,3.7,3.4,4.0,2.4,3.0,3.44
2.0,2.4,1.4,1.4,1.7,3.4,1.0,2.0,3.0,3.0,3.7,3.0,1.0,2.4,1.4,2.0,1.7,1.7,2.0,2.0,1.4,1.0,2.4,1.4,3.0,2.4,2.4,1.4,1.7,2.0,2.0,1.0,1.0,2.188
3.4,3.0,3.7,3.4,2.7,4.0,3.0,1.4,3.7,3.7,1.7,4.0,4.0,3.4,3.0,3.4,2.7,4.0,2.7,3.7,2.4,3.7,3.0,1.7,3.7,3.7,3.7,2.4,3.7,2.7,3.4,2.4,3.4,3.195
2.0,2.7,2.0,1.4,3.0,3.0,2.4,2.4,2.4,3.0,1.0,3.7,1.4,2.4,2.7,2.7,2.0,2.7,2.0,2.7,1.0,1.7,1.7,1.7,2.7,1.4,2.7,1.7,2.4,2.4,1.7,1.4,2.0,2.294
3.7,3.0,4.0,3.4,2.7,3.7,3.4,4.0,3.7,4.0,3.0,3.7,2.7,3.7,3.7,4.0,3.7,4.0,4.0,4.0,3.4,3.4,3.7,2.4,3.7,3.0,3.0,2.7,3.7,3.7,3.0,2.0,3.7,3.443
4.0,2.4,3.7,2.4,3.4,3.7,2.7,3.4,3.7,3.7,3.0,3.0,3.4,4.0,3.7,4.0,2.4,3.7,3.7,3.0,2.7,3.7,2.7,1.4,3.0,2.7,3.7,1.7,2.7,3.0,2.4,2.0,2.4,3.133
3.0,2.4,4.0,1.4,3.7,4.0,3.7,4.0,3.7,3.7,2.7,3.7,3.7,3.7,3.7,3.7,3.7,4.0,3.0,4.0,2.7,3.7,3.4,1.4,2.7,3.0,3.0,2.4,3.7,3.0,3.0,2.4,3.0,3.22
4.0,2.4,3.7,3.0,3.7,3.4,1.7,3.4,3.7,2.7,1.7,4.0,3.0,3.7,3.7,3.7,2.4,3.7,3.0,4.0,2.7,3.4,3.0,2.0,3.7,2.0,3.0,2.0,3.7,2.7,3.0,1.4,2.7,3.112
3.4,2.7,3.7,4.0,2.4,3.7,1.0,3.7,3.7,2.4,1.7,4.0,2.0,4.0,3.0,3.7,3.0,3.7,1.7,4.0,3.0,2.0,2.7,3.7,3.7,3.0,3.7,1.7,3.4,2.7,3.7,2.0,3.4,3.16
3.0,2.4,2.7,1.4,3.4,3.7,2.7,3.4,3.7,3.7,3.4,3.7,3.0,3.7,1.4,3.7,3.0,4.0,1.7,4.0,2.7,2.4,3.0,2.0,3.7,2.4,3.0,1.7,3.7,2.7,3.0,1.7,2.0,3.019
3.4,3.4,3.7,2.7,3.4,3.7,2.4,3.4,3.7,3.0,1.7,4.0,2.4,3.7,3.7,3.7,2.0,3.7,3.0,3.7,2.7,3.7,3.4,2.0,3.4,2.0,3.4,2.7,3.4,2.7,3.7,2.4,2.4,3.164
3.0,2.0,3.7,2.7,3.4,4.0,4.0,3.7,3.7,3.7,3.7,3.7,1.4,4.0,3.7,3.7,3.0,4.0,3.0,3.4,3.4,2.7,3.7,2.7,3.4,2.7,3.4,2.4,3.7,3.4,3.7,3.0,3.0,3.332
1.7,1.7,1.0,1.0,2.4,2.4,1.7,1.0,2.0,2.0,1.7,3.7,2.4,3.0,2.7,3.0,2.4,3.7,1.7,3.0,1.4,1.7,1.7,1.7,1.7,2.7,2.7,1.4,2.0,1.4,1.4,2.4,1.4,2.165
3.7,3.7,3.4,3.4,3.7,4.0,3.4,4.0,4.0,3.7,4.0,3.4,2.7,4.0,3.7,4.0,3.7,4.0,3.7,3.7,4.0,4.0,3.7,4.0,3.7,4.0,4.0,4.0,3.7,4.0,3.7,3.7,3.0,3.7
3.7,2.7,2.7,2.0,3.7,4.0,4.0,2.7,3.7,2.7,2.7,4.0,2.0,3.7,3.4,3.0,2.7,3.0,2.0,3.4,2.0,2.4,2.0,1.7,3.7,2.4,3.0,2.4,3.7,2.7,3.0,2.7,3.4,3.033
3.0,2.0,2.4,2.0,1.4,3.7,1.4,2.7,3.0,3.4,3.4,3.7,2.7,3.4,3.7,3.4,1.7,2.4,2.7,3.7,1.4,2.7,3.0,2.0,2.7,1.4,3.0,2.0,2.4,2.0,2.7,1.4,2.0,2.696
3.4,2.0,3.0,2.0,2.7,3.7,1.0,3.7,3.7,2.7,3.7,3.7,2.7,3.7,3.4,2.7,1.4,3.4,1.7,3.7,1.7,1.7,2.4,1.4,3.0,3.7,3.0,1.7,3.7,4.0,2.7,1.7,1.7,2.851
1.7,3.4,2.0,3.4,2.4,3.7,3.4,2.7,4.0,4.0,2.4,3.7,1.0,3.4,1.0,3.7,1.7,3.4,2.4,1.4,3.0,2.7,3.4,2.7,3.7,2.7,3.7,2.4,3.0,3.4,3.7,3.4,3.4,3.058
1.0,2.0,2.4,2.4,2.4,1.7,2.4,2.4,1.4,0.0,2.4,2.4,2.4,2.4,2.4,2.4,2.4,2.4,2.4,2.4,2.4,2.4,2.4,2.4,2.4,2.4,2.4,2.4,2.4,2.4,2.4,2.4,2.4,1.493
3.0,2.7,2.7,1.4,1.7,2.0,1.0,3.0,3.7,3.0,2.0,3.4,1.7,2.7,1.4,1.4,3.0,1.0,1.0,1.7,3.7,3.0,1.4,1.0,2.0,1.4,1.7,1.4,1.0,1.0,1.0,3.0,1.4,2.069
3.7,1.7,2.4,1.7,1.0,2.4,1.4,1.4,3.4,2.4,1.7,3.7,1.0,3.7,1.0,1.0,1.0,2.0,1.4,1.4,1.0,1.0,3.7,2.4,2.4,2.4,1.0,2.4,1.0,1.0,1.0,1.0,1.4,1.996
3.7,3.4,3.7,3.7,4.0,4.0,4.0,4.0,4.0,2.7,4.0,4.0,4.0,4.0,4.0,4.0,4.0,4.0,4.0,4.0,4.0,4.0,4.0,4.0,3.7,4.0,3.7,4.0,4.0,4.0,3.7,4.0,4.0,3.897
4.0,3.7,4.0,3.7,4.0,4.0,4.0,4.0,4.0,4.0,4.0,4.0,3.7,4.0,3.7,4.0,4.0,4.0,3.4,4.0,3.7,4.0,4.0,4.0,4.0,3.7,3.7,4.0,4.0,4.0,4.0,3.7,2.7,3.848
3.7,3.7,4.0,3.7,3.7,4.0,3.7,4.0,4.0,3.7,3.0,4.0,3.7,4.0,3.7,3.4,3.4,4.0,3.7,4.0,2.4,4.0,4.0,2.7,3.7,1.7,3.0,3.7,4.0,3.4,3.7,2.4,2.4,3.404
2.4,1.0,2.0,1.0,1.4,3.0,3.7,1.7,2.0,2.7,2.4,3.0,1.0,2.4,1.4,2.0,1.0,2.4,1.7,1.0,1.4,1.7,2.4,1.4,2.0,2.0,2.0,3.0,2.0,2.0,2.4,2.7,1.7,2.254
1.7,3.0,2.7,2.7,3.0,3.4,1.0,2.7,3.4,1.0,3.0,3.7,1.7,3.4,1.7,2.7,1.7,3.4,2.0,3.0,2.0,2.4,3.0,1.7,3.0,2.0,2.7,2.4,2.7,2.4,2.4,1.4,2.7,2.655
2.7,2.4,3.0,2.4,3.7,2.4,4.0,2.4,3.0,2.4,2.4,3.7,4.0,3.4,3.7,3.7,3.0,3.7,3.0,3.4,2.7,3.4,3.7,3.0,3.7,3.0,3.4,1.7,3.7,2.7,3.0,2.4,2.7,3.106
2.7,2.7,2.0,2.7,1.7,3.7,2.4,2.7,3.7,3.7,4.0,3.0,2.4,3.4,3.0,2.7,3.4,4.0,3.0,3.7,2.4,2.7,2.4,1.7,2.7,3.4,2.7,1.0,2.4,2.7,1.7,1.4,1.7,2.793
3.7,2.4,4.0,1.7,4.0,3.4,2.7,4.0,3.7,4.0,1.4,3.7,3.7,3.7,3.0,2.7,1.7,3.0,2.0,4.0,2.0,3.0,3.0,2.0,2.7,1.7,3.4,2.4,3.7,2.7,2.7,1.7,2.4,3.023
3.4,2.4,3.0,1.7,4.0,3.4,3.4,2.0,3.7,4.0,3.7,3.7,3.7,3.7,3.7,3.7,1.7,3.0,2.4,3.7,3.4,3.7,3.0,1.4,3.4,2.4,2.7,2.4,3.7,2.7,2.0,1.4,2.0,3.01
4.0,3.0,3.7,3.4,4.0,3.7,2.4,3.7,3.7,3.0,2.0,3.7,4.0,4.0,4.0,3.7,4.0,4.0,3.7,4.0,3.7,4.0,4.0,1.7,3.4,2.7,3.0,3.4,4.0,2.4,3.7,3.0,2.4,3.4
1.4,1.7,1.7,1.0,1.0,2.7,2.4,2.4,1.0,1.0,1.7,1.0,1.7,2.0,1.0,1.4,1.4,3.7,2.0,1.4,1.0,1.4,3.7,1.7,1.0,3.7,1.7,1.7,1.7,1.0,1.0,2.0,1.4,1.899
3.4,3.0,2.4,3.7,3.7,3.7,1.7,3.0,3.7,3.4,2.7,4.0,4.0,3.7,3.0,3.0,3.7,4.0,2.7,3.7,3.0,3.0,3.4,1.7,3.7,2.0,3.0,2.4,2.7,3.0,3.4,2.7,3.7,3.168
3.7,2.7,2.0,1.4,1.7,3.4,1.7,2.7,3.7,4.0,1.0,3.7,1.0,3.7,2.7,2.7,2.7,2.7,1.4,3.7,1.0,1.4,1.7,1.0,2.7,2.0,3.0,1.4,3.0,2.4,2.7,1.4,2.4,2.57
2.0,3.4,0.0,1.4,1.7,2.7,0.0,1.0,3.7,3.0,0.0,0.0,0.0,2.4,2.4,2.4,0.0,0.0,0.0,0.0,2.4,2.4,2.4,2.4,2.4,2.4,2.4,2.4,2.4,2.4,2.4,2.4,2.4,2.418
3.7,2.7,2.0,1.7,2.7,2.7,1.0,2.0,2.7,3.4,1.7,3.7,2.0,3.7,1.7,2.4,2.4,1.7,1.7,3.7,1.0,2.7,2.0,2.7,3.0,2.0,2.7,2.4,3.0,1.7,2.7,1.0,2.4,2.564
3.0,1.7,3.0,1.4,2.7,2.4,2.4,2.0,3.7,1.7,1.0,3.7,1.4,3.7,2.4,3.4,1.0,1.4,1.7,3.4,1.0,1.7,1.4,1.0,3.4,2.4,2.7,2.0,2.7,2.0,2.7,2.7,1.7,2.468
3.7,2.7,4.0,3.4,4.0,4.0,3.0,4.0,4.0,2.7,3.7,4.0,4.0,4.0,3.7,4.0,4.0,4.0,4.0,4.0,4.0,4.0,4.0,3.7,3.4,4.0,4.0,3.7,4.0,4.0,4.0,3.7,3.7,3.769
2.7,2.7,3.7,1.4,2.4,3.7,2.0,3.7,3.7,1.7,2.7,2.7,3.7,3.7,3.4,3.0,3.7,4.0,2.7,2.7,3.0,3.7,3.7,2.4,2.4,2.7,2.4,2.0,3.7,2.0,3.0,2.0,2.4,2.999
3.7,2.7,2.7,1.0,2.0,3.4,2.0,2.7,3.7,3.4,1.7,4.0,1.4,3.4,2.7,3.0,2.4,2.7,3.0,3.7,2.0,2.0,1.4,2.0,3.0,2.7,3.0,1.4,2.4,1.7,3.0,1.4,2.7,2.768
3.7,1.7,2.0,1.0,2.4,3.0,1.0,2.4,2.7,3.0,2.7,3.4,2.0,3.7,1.7,3.4,1.7,2.0,3.0,3.7,2.4,2.0,3.0,2.7,3.4,2.4,3.0,2.4,3.7,3.7,3.0,2.0,2.4,2.822
3.7,1.7,3.7,1.7,3.7,4.0,1.4,3.7,3.7,3.7,2.0,3.0,3.7,3.7,3.4,3.7,3.0,3.7,2.7,3.7,2.7,3.7,3.4,1.4,2.7,2.7,3.0,3.0,3.7,2.4,3.4,1.7,2.7,3.189
3.0,2.0,3.4,1.7,3.4,3.7,4.0,3.7,3.7,3.7,3.7,3.7,1.7,3.7,1.0,3.0,1.4,4.0,3.0,3.7,1.7,1.4,3.0,1.7,3.7,1.0,2.0,1.4,2.7,2.4,3.0,2.4,1.7,2.715
4.0,1.7,4.0,2.7,4.0,3.7,2.7,3.7,3.7,4.0,2.7,4.0,4.0,4.0,4.0,4.0,3.7,4.0,3.0,4.0,3.7,4.0,3.7,2.0,2.7,3.4,4.0,3.4,4.0,3.7,3.7,2.7,3.0,3.578
3.7,3.4,3.7,3.4,3.0,4.0,3.7,4.0,3.7,4.0,2.0,4.0,2.0,4.0,3.7,4.0,3.4,3.7,3.4,3.7,3.4,3.7,3.0,2.0,3.7,3.7,3.7,3.4,3.7,3.7,3.7,2.7,3.7,3.49
3.7,3.0,3.0,1.7,3.7,4.0,2.7,3.4,2.7,3.0,2.0,3.7,2.0,3.7,3.7,3.7,3.0,4.0,3.7,3.7,3.7,3.4,3.7,1.0,2.0,1.7,3.0,1.4,3.0,2.4,3.7,2.4,1.4,2.805
3.7,2.4,3.7,2.4,2.7,4.0,3.0,3.7,3.4,3.7,3.4,3.7,2.4,3.7,3.7,3.7,3.4,4.0,3.0,4.0,3.7,4.0,3.7,2.4,3.7,3.7,3.7,2.7,3.7,3.4,3.7,2.7,3.0,3.458
4.0,2.7,3.4,1.4,1.4,3.7,1.0,2.7,3.7,4.0,1.7,4.0,2.0,2.4,1.7,1.7,1.0,1.7,1.4,1.7,1.0,1.0,1.4,1.7,2.4,2.7,2.4,1.0,2.0,1.4,2.0,2.0,2.4,2.34
3.7,2.7,3.0,2.7,1.4,3.7,2.0,3.7,3.0,3.7,2.4,3.7,3.0,4.0,4.0,4.0,2.7,3.7,2.0,4.0,3.0,3.4,3.4,2.0,3.4,3.7,3.7,2.7,3.4,3.4,3.4,2.4,3.7,3.252
2.7,1.7,3.0,1.0,2.7,2.4,1.7,2.7,2.0,2.4,3.0,2.7,2.4,2.7,3.0,3.0,3.4,3.4,2.4,3.7,1.0,1.4,1.7,1.4,2.7,3.4,3.0,2.0,2.4,2.7,3.0,2.0,2.7,2.683
3.7,2.4,3.4,3.0,2.4,3.7,3.0,3.7,3.7,3.7,2.7,3.7,3.4,3.7,3.7,3.7,2.0,3.7,3.7,4.0,2.4,2.4,3.0,2.7,3.7,3.7,3.7,3.0,3.4,3.7,3.7,3.0,3.7,3.378
3.7,2.7,4.0,2.4,2.7,3.7,2.4,3.0,3.7,2.7,2.4,4.0,3.7,3.4,2.7,3.7,2.4,3.7,2.7,3.7,2.7,2.7,3.0,2.7,3.7,3.7,3.7,2.0,3.7,3.7,3.0,2.0,3.7,3.295
3.0,2.0,3.4,3.0,4.0,3.7,2.7,3.7,3.7,2.7,1.7,4.0,3.7,4.0,3.7,3.7,2.7,3.7,3.0,3.7,3.0,2.7,3.7,1.4,3.7,3.7,3.0,2.0,4.0,3.4,3.4,2.0,3.4,3.193
4.0,2.7,4.0,2.7,4.0,3.7,4.0,4.0,3.0,4.0,2.7,3.7,3.7,4.0,4.0,4.0,4.0,4.0,3.4,4.0,3.7,4.0,4.0,2.7,3.7,3.7,3.7,3.7,4.0,3.0,3.7,3.7,3.7,3.647
1.4,2.7,1.7,1.0,1.0,3.4,3.7,2.7,3.0,2.0,2.7,3.7,1.7,3.7,2.7,3.4,2.7,3.4,3.4,3.4,2.7,2.7,2.4,2.0,3.4,3.0,3.4,1.7,2.7,3.0,2.7,2.4,2.4,2.815
2.0,2.0,1.7,2.0,1.0,3.4,1.0,1.7,3.0,1.7,2.4,4.0,1.0,2.4,1.0,2.7,1.0,3.7,1.4,1.7,2.7,1.4,4.0,2.4,1.7,1.0,3.7,1.4,1.4,1.7,2.4,1.4,2.0,2.171
4.0,3.4,4.0,3.7,4.0,3.7,3.4,4.0,4.0,3.7,2.7,4.0,4.0,4.0,4.0,4.0,3.7,4.0,4.0,3.7,4.0,4.0,2.7,2.0,4.0,3.7,3.7,3.4,4.0,3.7,3.7,3.7,4.0,3.761
2.7,2.7,3.7,2.4,2.7,3.0,1.4,3.7,2.7,2.7,1.7,4.0,1.4,3.7,1.4,2.7,1.7,3.4,1.4,3.0,1.4,1.7,2.7,1.4,3.7,2.0,3.7,1.4,2.7,2.0,2.7,1.4,2.4,2.763
3.7,2.0,3.7,1.7,2.7,3.7,1.7,3.7,2.7,4.0,1.4,4.0,2.0,3.7,2.7,3.4,1.4,3.0,2.7,3.4,2.7,3.0,2.7,2.0,2.0,2.7,3.0,1.7,2.7,2.7,3.0,2.7,3.4,2.938
2.4,1.4,3.0,1.0,2.4,1.0,1.4,2.7,2.4,3.7,1.0,3.7,1.4,2.7,2.7,2.4,1.0,2.4,1.4,3.0,1.0,1.7,1.7,1.7,1.4,1.7,2.0,1.7,1.7,1.7,1.7,1.4,1.4,2.06
1.0,1.0,1.4,2.7,0.0,1.0,1.0,1.0,1.4,1.4,1.7,3.0,0.0,1.4,1.0,1.0,0.0,1.0,1.0,0.0,1.0,1.4,0.0,1.4,1.4,0.0,1.0,0.0,1.0,1.0,1.0,1.4,1.0,1.261
2.0,2.0,2.7,2.4,1.7,2.7,1.4,2.4,2.4,1.7,3.7,3.0,1.4,3.7,2.4,1.7,1.4,1.7,1.7,3.0,1.0,1.0,3.0,1.0,3.0,3.7,3.4,1.4,3.0,3.0,1.7,1.4,1.7,2.378
2.7,2.4,3.0,2.0,3.7,3.7,3.4,3.7,3.7,2.0,3.4,3.7,2.7,3.7,3.4,2.4,1.4,2.4,2.7,3.7,2.7,2.7,3.7,1.7,3.4,1.7,3.0,1.7,2.7,3.4,2.0,2.0,2.7,2.861
1.4,3.0,1.4,1.7,1.0,3.0,1.0,1.7,2.7,1.0,3.4,3.7,1.0,2.4,1.0,2.4,2.7,2.7,2.0,1.0,1.7,1.4,3.0,3.0,2.7,3.7,2.7,1.4,2.4,2.4,2.4,2.0,1.7,2.363
1.7,2.7,1.0,2.4,1.0,1.0,1.7,2.4,2.0,2.0,1.4,4.0,1.4,3.0,1.0,2.0,1.0,2.4,1.4,2.4,1.7,1.0,1.7,1.4,3.7,1.0,3.7,1.4,1.7,2.0,2.4,1.4,2.4,2.084
0.0,1.7,1.0,1.0,0.0,1.0,1.0,1.0,2.0,1.4,1.4,3.0,0.0,0.0,0.0,0.0,0.0,0.0,0.0,1.0,0.0,0.0,2.4,2.4,2.4,2.4,2.4,2.4,2.4,2.4,2.4,2.4,2.4,1.38
1.0,1.4,1.0,1.0,1.0,2.0,3.0,2.0,2.0,1.0,2.0,3.4,1.4,2.0,2.7,1.4,1.0,2.0,1.4,2.4,1.0,1.0,1.7,1.4,1.0,2.7,1.0,2.0,2.0,1.7,1.4,1.4,1.7,1.89
4.0,3.4,4.0,3.4,3.7,4.0,3.7,4.0,3.7,4.0,3.7,4.0,4.0,4.0,3.4,4.0,4.0,4.0,4.0,4.0,4.0,3.7,4.0,3.7,3.7,3.7,4.0,3.4,4.0,4.0,4.0,3.7,4.0,3.861
1.7,1.0,1.4,1.0,1.4,1.4,1.4,1.0,2.0,3.0,1.4,3.4,1.4,2.0,1.4,1.7,3.0,1.4,1.4,3.4,1.0,1.0,1.4,1.0,2.7,2.4,1.4,1.4,1.4,1.0,1.7,1.0,1.7,1.805
4.0,2.7,4.0,3.7,4.0,4.0,4.0,4.0,4.0,4.0,4.0,4.0,4.0,3.7,4.0,4.0,4.0,4.0,4.0,4.0,4.0,4.0,4.0,3.7,3.4,4.0,4.0,4.0,4.0,4.0,4.0,4.0,3.7,3.925
4.0,3.0,4.0,3.0,4.0,4.0,4.0,4.0,4.0,4.0,3.7,4.0,3.7,4.0,4.0,4.0,4.0,4.0,4.0,4.0,4.0,4.0,4.0,4.0,3.7,4.0,4.0,4.0,4.0,3.7,4.0,3.7,4.0,3.919
4.0,2.7,4.0,3.7,2.7,3.7,2.7,3.7,3.7,3.7,2.0,4.0,3.7,3.4,3.7,3.7,3.0,3.7,2.4,3.7,3.0,3.0,3.0,2.7,3.7,2.4,3.7,1.7,4.0,3.4,3.4,2.0,3.4,3.258
4.0,3.4,4.0,4.0,4.0,4.0,3.7,4.0,4.0,4.0,4.0,4.0,4.0,4.0,4.0,4.0,4.0,4.0,3.7,4.0,4.0,4.0,4.0,3.7,4.0,4.0,4.0,4.0,4.0,4.0,4.0,4.0,4.0,3.963
2.4,2.0,3.7,2.7,2.7,1.7,1.0,2.7,2.4,2.0,1.0,4.0,3.7,3.7,3.7,1.7,2.4,2.7,2.4,4.0,1.7,1.4,2.4,1.0,2.4,1.4,2.4,1.4,2.4,3.4,2.0,1.4,2.7,2.396
4.0,2.4,3.7,2.0,4.0,4.0,4.0,4.0,3.7,4.0,4.0,4.0,3.4,4.0,4.0,4.0,4.0,4.0,4.0,4.0,4.0,4.0,4.0,3.7,3.7,3.7,3.7,3.7,3.7,3.7,3.7,4.0,3.7,3.772
1.0,1.7,1.4,1.0,2.7,1.0,1.7,1.7,1.7,2.0,1.0,1.0,1.0,2.4,1.4,2.7,1.4,1.0,1.0,1.0,1.0,2.7,1.4,2.7,1.0,1.0,2.4,4.0,3.7,3.0,2.7,1.4,2.7,1.768
3.7,2.0,3.7,2.7,2.0,2.7,3.7,3.7,2.4,3.7,2.4,4.0,2.4,3.7,3.0,3.7,2.7,3.7,2.0,3.7,3.4,3.7,2.7,3.0,3.7,2.4,3.4,2.0,3.0,2.7,3.4,2.7,3.0,3.176
3.4,2.7,3.7,3.4,2.7,3.7,3.4,3.4,3.7,4.0,2.4,3.7,3.0,3.7,1.7,3.7,3.4,3.7,3.7,2.4,3.0,3.4,3.0,1.7,3.4,3.7,3.7,2.4,3.4,3.7,3.7,3.0,3.0,3.335
4.0,1.4,4.0,2.4,4.0,3.7,3.4,4.0,3.7,4.0,3.4,4.0,4.0,4.0,4.0,4.0,3.4,4.0,4.0,4.0,3.7,4.0,4.0,2.7,3.4,4.0,4.0,4.0,4.0,3.7,3.7,3.0,4.0,3.758
4.0,1.7,4.0,2.4,1.0,3.7,2.0,3.7,4.0,3.7,2.4,3.7,3.0,4.0,3.7,3.7,3.7,4.0,3.7,4.0,3.0,3.4,3.0,2.0,3.4,2.4,3.4,2.7,3.7,2.7,3.4,3.0,3.0,3.208
1.4,1.0,1.7,1.0,1.0,1.4,1.7,2.0,3.0,2.0,1.0,3.0,1.0,2.7,1.0,2.7,1.0,1.4,1.0,1.4,1.0,2.0,1.7,1.4,2.7,1.0,2.0,1.0,1.7,1.4,1.7,1.4,1.0,1.845
3.7,3.7,4.0,4.0,4.0,4.0,4.0,4.0,4.0,3.7,4.0,4.0,4.0,4.0,4.0,4.0,4.0,4.0,4.0,4.0,4.0,4.0,4.0,3.7,4.0,4.0,4.0,4.0,4.0,4.0,4.0,4.0,4.0,3.946
3.7,2.0,4.0,3.7,3.4,3.7,1.4,3.7,4.0,3.7,1.7,4.0,3.0,3.7,4.0,3.7,1.7,3.7,2.4,4.0,2.7,3.4,2.7,1.7,3.7,2.4,3.0,2.7,3.7,2.4,3.4,1.7,3.0,3.195
2.4,1.4,2.4,1.7,1.7,2.7,1.7,1.4,3.4,2.4,1.0,4.0,2.0,3.4,1.7,3.0,1.4,3.0,1.7,1.0,1.7,1.4,3.0,2.4,2.7,3.0,2.7,1.0,3.0,2.7,2.4,2.0,1.7,2.3
4.0,2.7,3.4,3.7,3.7,4.0,3.7,3.7,4.0,4.0,3.4,4.0,3.7,4.0,3.7,4.0,3.7,4.0,3.7,4.0,3.7,4.0,4.0,2.4,4.0,3.7,4.0,3.0,4.0,4.0,3.7,3.4,3.7,3.759
3.7,1.7,4.0,3.0,4.0,4.0,2.4,4.0,3.7,3.7,3.0,4.0,4.0,4.0,4.0,4.0,3.7,4.0,2.7,4.0,3.4,3.7,3.7,1.4,3.7,3.4,3.7,2.7,3.7,3.4,3.7,2.4,3.7,3.516
3.0,1.7,3.7,2.4,2.0,1.7,1.0,2.4,2.7,3.4,1.0,4.0,1.0,3.7,2.0,2.0,1.0,1.4,1.0,1.7,1.0,1.0,2.0,2.7,2.4,1.0,2.0,1.4,1.7,1.0,1.7,1.0,1.7,2.087
4.0,1.4,3.7,1.4,4.0,3.7,1.4,3.7,3.7,2.4,3.4,4.0,2.7,3.4,3.7,3.0,2.7,3.7,3.7,1.7,2.4,2.7,3.7,1.7,3.4,3.0,3.7,1.7,3.0,3.0,3.0,2.0,3.0,3.137
2.4,1.7,1.4,2.0,1.7,3.0,1.4,2.0,2.0,1.7,3.4,2.7,1.7,2.4,1.4,2.0,1.0,1.7,1.0,1.0,1.0,1.4,1.4,1.0,2.0,2.4,2.0,1.0,1.4,4.0,1.7,1.4,1.0,2.011
2.7,2.7,2.0,2.7,2.4,2.4,1.4,2.4,3.7,2.0,2.7,4.0,1.4,3.7,1.7,3.4,1.0,2.0,1.0,2.4,1.4,1.4,1.7,1.7,3.7,2.7,3.7,1.4,2.7,1.7,2.7,1.7,3.0,2.566
3.7,2.0,3.7,3.4,3.4,4.0,1.4,3.7,3.7,3.4,2.7,3.7,2.0,3.7,3.7,3.7,3.7,4.0,2.7,4.0,3.7,2.7,2.7,1.4,2.7,2.4,2.7,1.7,2.4,2.0,3.4,1.7,2.7,2.999
3.0,1.7,1.7,2.0,1.0,2.4,1.0,2.7,3.7,1.7,1.0,4.0,1.0,2.7,1.4,2.0,3.4,1.0,1.0,1.4,1.7,2.4,1.0,1.4,3.7,1.0,1.7,1.0,1.0,1.4,2.0,1.4,1.4,1.993
3.7,1.4,3.7,3.0,3.7,3.7,2.7,3.7,3.7,3.7,1.7,3.7,3.4,4.0,4.0,4.0,2.7,3.4,2.4,3.7,3.4,3.7,3.7,1.7,3.4,3.7,3.7,2.4,4.0,3.0,3.7,2.4,3.7,3.334
1.0,3.7,1.0,1.7,2.4,1.7,1.4,2.0,1.4,2.0,2.4,3.7,1.7,3.4,1.4,1.7,1.0,1.4,1.7,1.7,1.0,1.0,2.7,2.4,3.0,3.0,2.0,1.0,3.0,2.7,1.7,1.4,1.4,2.056
3.0,2.7,2.4,1.7,4.0,3.7,2.4,2.4,2.7,3.4,1.4,3.4,1.4,3.0,2.0,2.7,1.0,2.4,1.4,3.0,3.0,1.0,3.7,1.4,3.0,2.0,2.7,1.0,3.0,4.0,1.7,2.4,1.7,2.552
2.4,3.0,2.7,1.7,1.4,2.7,2.4,2.4,2.7,3.4,2.7,4.0,1.0,2.0,1.7,1.4,1.0,2.4,1.7,1.4,1.0,1.4,1.4,2.0,3.0,1.0,2.4,1.4,1.7,1.4,1.7,1.7,1.0,2.028
3.4,2.7,3.4,2.7,1.0,3.7,2.4,3.7,3.7,3.7,1.7,4.0,3.4,2.7,3.7,3.7,2.4,3.7,3.4,3.7,3.4,3.7,3.4,2.7,3.7,3.4,3.0,2.7,3.0,2.7,3.7,2.7,3.0,3.189
2.7,1.0,2.4,2.4,1.0,3.4,2.4,3.4,3.4,2.7,3.4,3.0,3.7,2.7,1.4,3.7,2.4,4.0,2.7,3.7,3.0,1.7,3.4,1.0,2.4,1.4,2.4,1.4,1.4,1.7,3.4,1.4,2.0,2.58
3.7,3.4,3.7,3.0,4.0,4.0,3.4,3.7,3.7,4.0,3.4,4.0,4.0,3.7,3.4,4.0,3.7,4.0,3.7,4.0,3.7,3.7,4.0,2.0,3.7,3.7,3.7,2.7,4.0,3.7,3.4,3.4,3.7,3.651
3.7,1.4,3.7,1.0,4.0,2.7,1.0,3.4,3.7,3.7,1.4,4.0,4.0,3.7,3.7,2.7,1.7,2.4,2.7,3.7,2.4,2.4,3.7,1.4,3.0,2.7,3.0,2.0,3.7,3.4,2.4,2.0,2.0,2.928
3.7,1.0,3.7,3.0,3.4,4.0,1.4,3.7,3.7,3.7,1.4,4.0,2.7,3.7,2.0,2.7,2.4,2.7,1.7,3.7,2.7,2.0,3.0,1.0,2.7,1.4,2.7,1.7,2.7,2.0,3.0,1.7,2.0,2.659
3.4,2.7,4.0,3.0,3.0,3.7,1.4,3.7,3.0,3.0,1.7,3.7,3.7,3.7,3.7,3.7,3.4,2.7,3.7,2.7,3.7,3.0,3.7,2.7,3.7,2.7,3.0,1.4,3.4,2.7,2.7,2.4,3.4,3.174
3.7,2.0,2.7,3.0,2.0,4.0,3.4,3.7,3.7,2.7,4.0,3.7,2.7,4.0,1.7,3.7,2.7,3.7,2.4,3.4,2.7,2.0,3.0,2.0,3.7,2.0,2.7,2.0,3.0,2.7,3.7,2.4,2.0,3.03
2.0,1.0,2.7,1.7,1.4,3.0,1.4,2.0,2.0,1.7,1.4,4.0,1.4,3.4,2.7,3.0,1.0,2.7,2.0,2.4,1.0,1.4,2.0,2.0,3.4,1.4,3.4,1.4,1.7,1.7,2.7,1.4,1.7,2.208
3.4,1.7,2.7,1.4,2.7,3.4,1.4,3.7,3.0,3.7,2.0,4.0,2.7,3.0,2.7,3.0,1.7,3.4,2.7,3.0,2.0,2.7,3.4,1.7,3.0,1.7,3.4,1.7,3.4,1.4,1.4,1.7,2.4,2.698
3.7,1.7,3.4,2.7,1.4,3.7,1.7,3.4,3.7,3.7,1.7,3.7,3.7,3.4,2.4,3.0,2.4,2.7,1.4,2.7,1.7,2.7,2.4,1.4,2.7,3.0,3.4,1.7,2.7,3.4,3.0,1.7,2.7,2.823
3.7,2.0,2.7,1.0,1.0,2.7,2.0,2.7,3.7,3.7,1.0,3.7,2.4,3.0,2.7,2.7,1.4,3.0,1.7,1.7,1.4,2.4,2.0,1.0,2.7,1.4,3.7,1.4,2.0,1.4,3.0,1.4,2.0,2.407
2.7,1.7,1.7,1.0,1.7,3.7,2.4,1.4,1.4,2.4,1.0,3.7,2.7,2.7,1.0,3.0,3.0,3.0,2.4,4.0,2.0,2.7,3.0,1.7,2.7,1.4,2.7,1.0,2.7,1.7,2.4,2.0,2.0,2.379
3.7,1.4,3.4,1.0,2.0,3.4,2.4,3.0,3.0,3.0,3.7,3.0,1.4,2.4,2.4,3.7,2.7,3.7,2.0,3.0,1.4,1.7,2.7,1.4,2.7,1.4,3.7,1.4,3.0,1.7,2.7,1.4,2.4,2.579
3.7,1.4,3.7,1.4,3.0,4.0,2.0,3.7,3.7,4.0,2.4,3.7,4.0,3.4,2.4,3.4,2.4,3.7,3.4,3.7,2.0,2.0,2.4,1.4,2.4,1.4,3.7,1.4,3.0,2.4,2.7,1.4,2.4,2.711
1.0,1.4,1.7,1.0,1.7,1.7,1.0,1.7,2.7,1.7,1.0,2.4,1.4,2.0,1.0,1.4,1.7,1.0,1.7,2.4,1.0,1.0,2.0,1.4,1.7,1.0,1.4,1.4,1.7,1.0,1.0,1.7,1.7,1.714
1.7,2.4,0.0,0.0,0.0,3.0,0.0,0.0,3.7,2.4,0.0,2.4,2.4,2.4,2.4,2.4,2.4,2.4,2.4,2.4,2.4,2.4,2.4,2.4,2.4,2.4,2.4,2.4,2.4,2.4,2.4,2.4,2.4,2.653
1.4,1.4,2.0,1.4,1.0,1.7,1.4,1.0,1.4,1.4,1.7,3.7,1.0,1.4,1.0,1.0,1.0,1.4,1.7,1.4,1.0,2.7,1.7,1.4,2.4,1.0,1.7,1.4,1.0,2.0,3.7,1.7,2.4,1.749
1.4,1.0,2.0,1.7,1.0,1.0,1.0,1.4,2.4,1.0,1.7,3.7,1.0,2.0,1.0,1.4,3.0,1.7,1.4,1.4,1.7,1.0,4.0,1.0,1.0,1.0,1.0,1.0,1.0,1.0,1.0,1.4,2.4,1.708
4.0,2.7,3.4,3.0,3.7,3.7,4.0,4.0,4.0,1.7,3.7,3.7,2.0,3.7,2.7,2.7,4.0,3.7,2.7,4.0,3.0,2.7,3.0,2.4,2.7,3.7,3.0,3.0,4.0,3.7,3.4,2.7,3.0,3.363
1.4,3.4,1.0,2.0,1.0,2.4,2.7,1.0,2.0,1.0,1.0,2.7,1.0,1.4,1.4,1.4,1.0,1.0,1.0,1.4,1.4,2.7,2.7,1.7,2.0,1.0,3.7,2.4,2.7,1.7,1.0,2.0,1.7,1.763
2.4,2.7,3.0,3.7,4.0,3.7,2.0,0.0,3.7,2.4,1.4,2.4,2.4,2.4,2.4,2.4,2.4,2.4,2.4,2.4,2.4,2.4,2.4,2.4,2.4,2.4,2.4,2.4,2.4,2.4,2.4,2.4,2.4,2.943
1.0,1.0,0.0,0.0,0.0,1.0,0.0,0.0,1.0,0.0,0.0,2.4,2.4,2.4,2.4,2.4,2.4,2.4,2.4,2.4,2.4,2.4,2.4,2.4,2.4,2.4,2.4,2.4,2.4,2.4,2.4,2.4,2.4,1.0
4.0,3.7,4.0,4.0,4.0,4.0,4.0,3.7,4.0,3.7,4.0,4.0,4.0,4.0,4.0,4.0,4.0,4.0,4.0,4.0,3.7,4.0,4.0,3.7,3.0,4.0,4.0,4.0,4.0,4.0,4.0,3.7,4.0,3.906
4.0,4.0,4.0,4.0,4.0,4.0,4.0,4.0,3.0,4.0,4.0,4.0,4.0,4.0,4.0,4.0,3.7,3.7,4.0,3.7,4.0,3.7,3.7,3.0,3.4,4.0,4.0,4.0,4.0,4.0,4.0,3.7,4.0,3.873
3.7,2.4,4.0,3.7,2.7,4.0,3.0,2.4,3.0,1.7,4.0,3.4,3.7,4.0,4.0,2.4,2.4,1.4,2.4,3.7,2.4,2.7,2.7,2.7,3.7,2.0,3.7,3.7,3.4,3.7,3.7,2.0,3.7,3.217
3.7,3.7,3.7,1.7,2.4,4.0,3.4,3.4,3.7,1.0,3.7,3.7,3.7,3.0,1.7,2.7,1.4,2.0,1.7,2.7,1.4,2.0,1.4,2.0,2.4,1.7,3.0,2.7,2.7,3.4,3.7,1.7,1.7,2.603
4.0,3.7,4.0,4.0,3.0,3.7,3.7,3.4,3.0,4.0,4.0,3.7,4.0,4.0,3.7,3.7,3.7,3.7,3.7,3.7,3.7,3.7,3.4,2.7,3.4,3.7,3.7,3.7,3.0,4.0,4.0,3.7,3.7,3.625
4.0,3.4,4.0,4.0,3.7,4.0,3.7,3.4,3.7,4.0,4.0,3.7,3.7,4.0,2.7,3.0,2.7,3.7,3.7,3.7,2.7,2.7,1.0,2.4,3.7,2.7,3.7,4.0,3.0,3.7,3.7,2.7,3.0,3.366
4.0,2.7,4.0,4.0,3.4,4.0,3.7,3.0,3.7,3.0,4.0,3.7,3.0,4.0,4.0,3.7,1.7,3.0,2.7,3.7,2.7,3.4,3.7,2.4,3.7,3.4,4.0,4.0,3.4,3.7,4.0,2.4,4.0,3.513
3.7,2.4,3.7,3.7,2.7,4.0,2.7,1.7,2.0,2.7,3.7,3.4,2.0,3.4,2.7,1.7,1.4,2.0,2.7,3.0,1.7,2.0,1.7,2.7,2.4,2.4,2.7,2.4,3.4,3.4,3.7,1.4,2.4,2.631
3.7,3.7,4.0,4.0,3.7,4.0,4.0,2.4,4.0,3.4,4.0,3.7,4.0,4.0,3.7,3.7,2.0,3.7,2.4,3.7,2.7,2.4,1.0,3.4,1.7,3.0,3.4,4.0,3.4,3.7,3.7,3.4,2.7,3.365
4.0,3.0,3.7,3.0,3.4,3.7,1.7,3.7,3.4,1.7,4.0,3.0,2.4,3.7,2.4,2.7,1.7,1.7,2.7,3.4,1.4,2.7,1.0,2.7,3.4,2.7,3.7,3.0,3.4,3.7,3.7,2.0,2.0,2.936
3.7,3.7,3.7,2.7,3.0,3.7,2.7,3.7,3.4,1.0,3.7,3.0,2.0,4.0,2.0,1.7,3.7,1.4,1.0,3.7,1.4,1.4,1.0,1.7,3.7,1.4,3.4,1.7,2.4,3.4,3.7,1.4,2.0,2.603
3.7,3.7,4.0,4.0,3.7,4.0,3.7,3.4,2.0,3.0,4.0,4.0,3.7,3.7,1.4,3.7,1.7,3.4,3.7,3.7,3.4,3.0,2.4,3.4,3.4,3.7,3.7,3.4,3.4,3.7,3.7,3.0,2.7,3.254
4.0,3.7,3.7,4.0,3.7,4.0,4.0,3.7,3.7,3.7,4.0,3.4,4.0,4.0,3.7,4.0,3.7,3.7,3.7,3.7,3.7,3.7,2.7,3.0,3.0,4.0,3.7,3.7,3.0,4.0,4.0,3.7,3.7,3.662
3.7,2.7,3.7,4.0,2.7,4.0,3.0,3.4,3.0,3.4,3.7,3.7,3.7,3.7,2.7,3.7,3.4,3.7,3.4,3.7,3.4,3.7,2.0,3.0,3.4,2.4,3.0,3.7,3.7,3.4,3.4,1.7,2.7,3.182
3.7,3.7,3.7,4.0,3.7,4.0,3.7,3.7,2.7,2.7,3.7,2.7,2.4,4.0,1.4,3.7,2.0,3.4,2.0,4.0,3.7,2.7,3.0,1.7,3.7,2.0,3.4,3.0,3.4,3.7,3.7,1.4,2.7,3.114
4.0,1.4,3.7,4.0,3.7,4.0,4.0,4.0,3.4,3.0,4.0,3.7,4.0,4.0,4.0,4.0,4.0,3.4,3.7,4.0,3.4,4.0,3.7,2.7,3.4,3.7,4.0,4.0,3.0,4.0,4.0,3.7,4.0,3.725
4.0,4.0,4.0,3.4,4.0,4.0,3.4,3.0,2.4,3.4,4.0,3.7,3.0,4.0,1.4,3.7,1.7,3.0,3.0,3.4,3.7,3.7,2.7,3.0,3.7,3.7,3.7,2.7,2.7,4.0,3.4,2.0,3.0,3.261
4.0,3.7,3.7,3.4,3.7,4.0,3.7,3.0,2.7,3.7,4.0,3.7,4.0,4.0,2.7,3.7,3.7,3.7,3.7,3.7,3.7,3.4,2.4,2.7,2.0,4.0,4.0,3.7,3.7,3.7,3.7,3.7,4.0,3.5
4.0,2.7,4.0,4.0,3.0,4.0,3.7,3.7,4.0,3.7,4.0,3.7,3.7,4.0,4.0,3.7,2.7,2.7,3.7,3.7,3.4,3.7,3.0,2.7,2.0,3.7,4.0,4.0,3.0,4.0,4.0,3.4,4.0,3.571
4.0,2.7,3.4,4.0,3.0,4.0,4.0,2.7,3.0,2.7,4.0,3.7,3.7,4.0,3.7,3.4,1.7,2.7,2.0,3.7,3.0,3.0,2.7,2.7,2.7,3.0,3.4,3.7,3.4,3.7,3.7,2.0,3.4,3.227
4.0,3.4,3.0,3.0,3.7,4.0,3.4,2.4,3.4,2.7,3.7,3.0,2.7,4.0,2.7,3.7,2.0,2.7,2.4,3.7,2.0,2.0,2.0,2.0,2.4,2.4,3.4,2.7,3.0,3.0,3.7,2.0,2.0,2.918
4.0,3.7,4.0,4.0,3.7,4.0,4.0,2.7,3.4,3.7,4.0,4.0,3.7,4.0,4.0,4.0,3.7,3.4,3.7,3.7,3.4,3.4,2.0,2.4,3.4,3.7,3.7,3.7,3.7,4.0,3.7,3.4,3.7,3.625
4.0,3.4,4.0,4.0,3.7,4.0,4.0,2.4,3.4,3.7,4.0,4.0,3.7,4.0,4.0,4.0,3.0,3.7,3.4,4.0,3.4,3.7,2.7,3.4,2.7,3.7,4.0,3.7,3.7,3.7,3.7,3.4,4.0,3.672
4.0,3.7,3.7,2.4,3.7,3.7,3.7,3.0,3.4,3.7,3.7,3.7,2.7,3.7,2.0,3.7,1.7,3.0,2.7,3.4,2.7,3.7,1.7,2.4,2.7,3.0,3.7,3.7,2.7,3.7,4.0,2.7,3.4,3.241
4.0,2.4,3.7,4.0,2.4,3.7,3.0,2.0,3.4,1.4,4.0,3.7,3.0,4.0,3.7,2.4,1.4,1.4,1.7,2.7,1.7,3.4,1.7,2.7,3.4,2.0,3.7,3.7,2.7,3.4,3.7,1.7,2.7,2.982
3.4,3.7,3.7,3.7,3.7,3.7,2.7,3.4,2.7,3.0,4.0,3.0,3.7,4.0,3.4,3.7,2.7,3.4,3.7,3.7,2.4,2.4,1.7,2.4,2.7,3.0,3.7,3.7,3.7,3.0,3.7,3.0,3.0,3.246
4.0,4.0,3.7,4.0,3.7,4.0,4.0,3.7,2.4,4.0,4.0,3.7,4.0,4.0,3.7,4.0,4.0,3.7,4.0,3.7,3.7,3.4,3.7,3.7,2.7,4.0,4.0,4.0,3.7,4.0,4.0,3.4,4.0,3.759
2.7,2.4,3.7,3.7,2.7,4.0,2.0,2.7,2.7,1.4,3.7,2.4,1.4,2.7,1.0,4.0,3.0,4.0,1.0,2.0,1.0,2.7,1.0,1.7,2.0,1.4,2.7,1.0,2.0,3.7,2.7,2.4,1.0,2.35
3.7,1.7,2.7,3.7,2.4,3.7,3.0,2.4,3.7,2.0,3.7,2.4,3.0,4.0,1.7,3.0,2.4,1.7,2.0,3.4,1.7,3.7,2.7,2.7,2.0,2.7,3.7,2.7,2.7,3.7,3.7,2.7,2.7,2.947
2.0,3.0,3.0,1.4,2.7,3.7,1.7,1.4,1.7,1.0,3.0,3.7,1.0,3.7,1.0,2.0,1.0,1.4,1.4,2.7,1.4,1.4,1.4,2.7,2.7,1.7,3.0,2.7,2.4,3.4,3.4,3.7,1.7,2.394
4.0,3.0,4.0,4.0,3.7,4.0,3.7,3.7,4.0,3.7,4.0,3.7,4.0,4.0,3.7,4.0,3.4,3.7,3.7,3.7,3.4,3.7,3.4,3.0,2.7,3.7,4.0,4.0,3.7,3.7,4.0,3.7,3.7,3.723
3.7,2.4,3.7,4.0,3.0,4.0,3.7,3.0,3.7,2.7,4.0,3.7,3.7,4.0,4.0,3.7,2.4,3.0,2.4,4.0,2.7,3.4,1.0,2.4,3.7,2.4,3.7,3.7,3.7,3.4,3.7,2.7,2.7,3.266
3.7,2.0,3.4,3.0,3.4,4.0,3.7,3.0,3.7,1.4,4.0,2.0,3.7,3.7,3.4,2.4,1.7,1.7,1.4,3.7,1.4,2.0,1.4,1.4,3.0,1.4,2.0,2.4,3.4,3.0,3.0,1.4,1.4,2.528
4.0,2.7,3.4,4.0,3.7,4.0,4.0,3.4,3.4,3.7,4.0,3.7,4.0,3.7,3.7,3.7,2.7,3.0,3.7,4.0,3.4,3.7,2.7,2.0,2.0,3.7,3.4,3.7,3.4,3.7,3.7,2.0,2.4,3.369
4.0,3.7,3.7,4.0,3.4,4.0,3.7,3.0,3.7,3.7,3.7,2.0,3.7,3.7,3.0,3.0,3.7,3.4,3.0,3.7,3.4,2.7,2.7,1.4,3.0,1.7,3.0,2.7,3.4,2.4,3.0,1.7,1.7,3.044
3.7,3.4,2.7,4.0,3.4,3.7,3.4,3.0,2.0,3.7,4.0,3.0,3.7,3.7,2.4,3.7,1.7,3.0,2.0,3.7,2.7,2.4,1.7,1.7,1.7,2.7,3.0,4.0,3.4,2.4,3.7,2.0,3.4,3.076
3.7,3.4,3.0,3.7,3.0,3.7,2.7,3.0,2.4,2.7,4.0,3.7,3.7,3.4,2.4,2.7,1.4,2.4,1.7,3.7,2.0,2.7,1.0,2.7,2.7,1.4,3.0,2.0,3.7,2.7,3.7,1.7,1.7,2.749
2.0,3.7,1.7,4.0,3.7,3.0,3.7,3.7,1.7,3.7,4.0,2.4,3.7,3.7,2.7,3.7,3.7,3.7,3.0,3.7,3.7,2.0,4.0,2.4,2.0,2.0,3.4,3.4,3.4,2.4,3.7,2.4,2.0,3.074
4.0,3.7,3.7,4.0,4.0,3.7,4.0,3.0,3.7,3.7,4.0,3.7,4.0,4.0,4.0,3.7,3.4,3.7,3.7,3.7,4.0,3.7,3.4,3.0,3.7,3.7,3.7,4.0,4.0,3.7,4.0,2.7,4.0,3.736
3.7,1.4,2.7,2.4,2.4,3.0,1.4,1.7,1.7,1.4,3.4,3.7,2.4,3.4,1.7,1.7,1.4,1.7,1.4,3.7,1.4,1.7,3.7,2.0,2.7,1.4,2.7,1.7,2.4,2.7,3.7,1.0,3.7,2.311
3.7,3.4,3.7,3.7,3.4,3.7,3.4,2.7,3.0,1.7,4.0,3.7,2.7,4.0,2.0,3.4,1.7,2.7,1.7,3.7,2.7,2.4,1.4,2.7,3.0,2.4,3.7,3.0,3.0,3.4,3.7,1.0,2.4,2.971
4.0,3.4,3.7,4.0,3.7,3.7,3.7,2.7,2.7,3.7,4.0,4.0,4.0,3.7,3.7,3.7,3.0,3.7,3.7,4.0,3.7,2.7,2.7,2.7,3.7,3.7,4.0,4.0,3.0,3.7,4.0,3.7,4.0,3.585
2.7,2.0,2.7,2.4,2.0,2.7,1.4,1.4,2.0,1.0,2.4,1.4,1.0,2.0,1.0,1.0,2.0,1.4,1.4,2.7,1.4,2.4,3.7,2.0,2.0,1.7,1.4,1.0,2.4,2.7,2.0,3.4,1.0,2.053
3.0,3.7,3.4,2.7,3.0,3.7,3.4,3.4,1.4,3.0,3.0,2.4,1.4,4.0,1.0,3.0,1.4,3.7,2.7,3.7,3.7,2.4,1.4,1.7,3.0,2.4,3.7,2.0,3.7,3.7,3.7,2.7,2.4,2.895
2.4,3.7,3.4,2.7,2.0,3.7,3.4,1.7,2.0,1.7,3.7,2.0,1.4,4.0,1.4,3.4,1.4,3.0,3.4,2.0,3.4,2.0,1.7,2.4,3.7,2.4,3.0,2.0,2.4,2.7,3.7,2.0,2.7,2.634
3.0,2.0,2.7,3.7,1.4,3.4,2.0,1.0,2.7,1.4,3.4,1.7,2.0,2.7,1.0,2.0,1.4,1.0,1.7,2.4,1.7,1.7,1.4,1.7,2.7,1.7,2.7,2.7,2.4,3.7,3.4,1.4,2.4,2.352
2.0,3.0,1.7,2.0,1.7,3.7,1.4,1.0,1.7,1.7,2.0,2.4,1.0,2.4,1.7,1.7,1.4,1.4,1.7,2.7,2.7,1.0,3.7,2.0,2.4,1.7,2.7,1.4,2.4,2.7,2.7,3.0,1.0,2.042
3.7,3.4,2.7,2.7,2.4,3.7,3.0,3.0,1.7,2.7,3.4,2.0,2.7,4.0,2.0,3.0,2.0,1.4,1.4,3.0,1.4,2.4,2.4,3.0,2.7,1.4,2.7,2.7,2.7,3.7,3.4,1.4,2.0,2.555
4.0,4.0,4.0,4.0,4.0,4.0,4.0,3.7,3.7,4.0,4.0,4.0,4.0,4.0,3.4,4.0,4.0,4.0,4.0,3.7,4.0,4.0,4.0,3.4,3.7,4.0,4.0,4.0,4.0,4.0,4.0,4.0,4.0,3.882
4.0,4.0,3.7,4.0,4.0,4.0,4.0,3.4,3.7,4.0,4.0,4.0,4.0,4.0,3.7,4.0,4.0,4.0,4.0,4.0,4.0,3.7,2.7,3.0,3.7,4.0,4.0,4.0,3.7,3.7,4.0,3.7,4.0,3.844
3.4,3.0,3.4,3.0,2.7,4.0,3.4,1.7,3.0,3.0,3.7,3.7,2.7,2.7,1.0,1.4,1.0,2.7,1.4,2.7,1.7,1.4,3.0,1.4,2.4,1.0,1.0,1.7,2.0,1.4,1.7,2.0,1.4,2.253
4.0,3.7,4.0,4.0,3.4,4.0,4.0,4.0,3.4,3.7,4.0,4.0,4.0,4.0,3.7,4.0,3.7,3.4,3.7,4.0,3.7,3.7,2.0,3.0,3.7,3.7,4.0,4.0,3.7,3.7,4.0,3.7,4.0,3.705
4.0,4.0,3.4,4.0,3.7,3.7,3.7,3.7,3.4,3.7,4.0,3.7,3.7,3.7,3.0,3.7,3.4,3.7,3.7,4.0,2.7,3.0,2.7,3.4,3.0,3.7,3.4,3.7,4.0,3.4,4.0,2.4,2.7,3.451
3.7,4.0,4.0,4.0,3.7,4.0,3.7,2.0,2.7,3.4,4.0,4.0,3.7,4.0,3.0,3.7,2.7,3.0,3.0,3.4,3.0,3.0,3.7,2.7,3.7,2.4,3.7,3.7,3.7,3.7,4.0,2.7,3.7,3.425
2.0,3.0,3.7,1.4,2.4,3.7,1.7,1.0,1.7,1.0,3.0,1.4,1.0,2.0,1.0,1.4,2.7,1.0,2.0,1.7,2.4,1.0,3.4,2.0,2.0,1.0,2.7,3.0,2.0,2.4,2.7,2.0,1.4,1.992
2.7,3.7,3.0,2.7,2.4,4.0,2.7,2.4,2.4,2.0,3.7,3.0,2.0,3.7,2.4,2.7,1.7,2.4,2.7,3.4,1.7,1.7,1.4,2.0,1.7,2.4,2.7,2.7,3.0,3.0,3.7,1.7,2.0,2.648
4.0,2.4,3.7,3.7,3.7,4.0,3.0,2.7,2.4,3.0,2.7,1.7,2.0,2.0,2.4,3.4,1.7,2.0,2.0,2.7,2.7,1.7,1.4,2.0,3.4,1.7,3.0,1.7,2.7,2.7,3.7,1.7,1.7,2.608
3.7,3.7,3.7,4.0,3.7,3.7,3.4,1.7,2.7,2.4,4.0,2.4,1.4,4.0,2.0,2.7,1.7,2.4,3.0,3.7,2.7,2.7,2.0,3.0,3.7,2.7,3.0,2.4,3.0,3.4,3.7,2.4,2.4,3.019
4.0,3.7,4.0,4.0,4.0,4.0,4.0,2.7,3.4,4.0,4.0,3.7,3.7,4.0,4.0,4.0,2.4,4.0,4.0,4.0,4.0,3.7,2.7,3.0,3.7,4.0,3.7,3.0,3.7,4.0,3.7,3.0,3.7,3.623
4.0,2.0,4.0,4.0,2.7,4.0,3.7,3.0,3.0,2.7,4.0,3.7,4.0,4.0,3.7,3.0,2.4,2.7,2.0,4.0,3.7,3.0,3.4,3.7,3.4,3.4,3.4,4.0,3.7,3.0,3.7,2.4,3.7,3.373
4.0,3.7,3.7,4.0,3.0,3.7,3.7,3.0,3.7,3.4,4.0,3.7,3.4,4.0,3.7,3.7,2.4,3.0,2.4,3.7,3.7,3.4,3.7,1.4,3.7,2.4,3.7,1.7,2.0,3.7,2.0,4.0,2.7,3.164
4.0,2.0,3.7,4.0,2.4,3.7,2.0,1.7,3.0,1.7,4.0,2.7,2.4,3.7,1.4,2.4,1.7,2.0,2.0,3.0,2.4,1.7,1.7,2.0,2.0,1.0,2.4,1.7,2.0,2.4,3.4,1.0,1.4,2.347
3.0,1.7,3.0,4.0,2.0,4.0,3.4,2.7,2.7,2.7,4.0,3.7,3.0,4.0,2.4,3.4,2.0,2.7,3.0,3.0,1.7,3.7,2.7,1.7,2.4,2.7,3.4,3.7,3.4,3.0,3.7,3.0,2.0,3.094
4.0,4.0,3.7,4.0,3.4,4.0,3.7,2.7,3.7,3.7,4.0,3.4,4.0,4.0,3.7,3.7,2.4,3.4,3.4,3.7,3.7,3.4,3.4,3.0,2.7,3.7,3.4,4.0,3.7,3.7,4.0,3.0,4.0,3.597
4.0,3.7,4.0,4.0,3.7,3.7,3.7,3.4,3.7,3.4,4.0,4.0,4.0,4.0,4.0,4.0,2.7,3.7,4.0,3.7,4.0,4.0,4.0,3.4,3.7,4.0,4.0,4.0,3.7,3.7,4.0,3.7,3.7,3.809
3.4,2.4,3.7,4.0,3.0,3.7,2.7,2.7,2.0,2.7,3.7,1.7,3.7,3.4,3.0,2.7,1.4,2.0,2.0,3.7,2.7,3.0,3.7,2.0,3.7,1.7,3.4,2.4,2.0,3.0,3.4,1.4,2.4,2.857
1.0,1.0,1.0,1.4,1.4,3.4,1.0,1.0,1.7,1.0,1.4,1.0,1.4,1.7,1.0,1.4,2.0,1.0,1.7,1.0,1.4,2.7,4.0,1.4,1.0,1.4,1.4,3.0,1.7,1.7,2.0,1.7,1.7,1.719
4.0,2.7,3.4,4.0,2.0,3.7,4.0,2.7,3.0,3.4,4.0,3.7,4.0,4.0,4.0,4.0,3.7,3.7,4.0,3.7,3.7,4.0,3.7,3.0,2.7,3.7,3.7,4.0,4.0,3.7,4.0,3.4,3.4,3.645
3.4,3.7,3.4,3.7,3.4,3.7,2.4,3.0,2.0,2.4,4.0,3.0,1.4,4.0,1.7,2.7,1.4,2.0,1.7,3.4,2.0,1.7,1.0,2.7,1.7,2.0,2.4,3.0,2.7,3.4,3.7,1.7,2.4,2.717
4.0,3.4,4.0,4.0,2.7,3.7,3.7,3.0,3.4,3.7,4.0,3.7,3.7,3.7,3.7,3.4,2.0,2.4,3.0,3.7,2.7,3.0,1.7,2.7,3.7,3.0,3.4,3.4,3.4,3.7,3.7,1.7,3.0,3.345
2.7,2.7,3.0,1.0,1.4,3.4,2.4,1.7,2.0,1.0,3.4,2.7,1.0,3.4,1.0,1.7,2.7,1.7,1.4,1.7,1.4,1.4,3.7,2.0,3.0,1.0,2.7,1.7,2.0,2.4,3.4,1.4,1.4,2.129
3.7,3.4,4.0,4.0,3.7,3.7,4.0,3.4,2.4,4.0,4.0,3.4,3.7,4.0,2.0,3.4,1.7,3.0,2.7,3.7,3.7,2.7,3.0,2.4,3.7,2.4,3.7,2.4,2.7,3.4,3.4,1.7,2.7,3.075
2.7,3.7,3.7,4.0,2.0,3.7,3.7,3.7,2.4,2.0,3.7,3.7,3.7,3.7,3.4,2.7,2.4,1.7,3.4,3.7,2.4,2.0,2.7,1.4,3.7,2.7,3.4,2.4,2.4,3.4,3.4,2.7,2.7,2.931
1.4,2.0,2.4,1.0,1.0,3.4,1.7,1.7,3.7,1.4,2.4,1.4,1.0,2.0,1.0,1.0,1.7,1.4,1.7,1.4,2.0,1.0,2.7,1.0,2.4,1.0,2.4,1.4,1.4,2.0,2.0,1.4,1.7,1.909
2.7,2.7,3.7,3.7,3.0,3.7,3.7,3.7,3.4,1.7,4.0,4.0,3.4,4.0,1.7,2.7,2.0,2.7,2.7,3.7,1.7,3.4,1.4,2.0,3.7,2.7,3.4,3.4,2.4,3.7,3.7,2.0,2.7,2.942
4.0,2.7,3.7,4.0,3.7,4.0,4.0,3.0,3.7,2.7,4.0,3.7,3.0,4.0,3.7,3.0,1.4,2.7,2.4,3.7,2.7,3.7,2.7,2.4,3.7,3.0,3.7,3.4,3.7,3.7,4.0,2.0,3.7,3.325
2.4,3.7,3.7,4.0,2.0,4.0,3.0,3.4,3.0,2.0,4.0,3.7,3.7,4.0,2.7,2.0,1.4,1.7,2.7,2.7,2.7,2.4,3.7,2.0,3.7,2.7,3.7,2.4,2.4,3.7,3.4,2.0,3.0,3.023
1.7,1.7,3.4,1.4,1.4,3.4,1.7,1.7,3.0,1.4,3.4,2.7,1.0,2.7,1.7,1.7,1.4,1.0,1.4,2.7,1.4,1.4,3.7,2.0,3.7,1.0,3.0,1.4,2.4,3.0,2.4,2.0,3.0,2.212
3.0,3.7,3.7,3.4,1.7,3.4,3.0,3.4,3.7,1.4,3.7,2.4,2.4,3.7,1.7,1.7,1.4,1.0,1.7,3.4,1.4,1.7,3.7,1.7,3.7,1.7,3.0,2.4,2.4,3.7,2.7,1.7,1.4,2.621
3.7,2.7,3.4,1.7,3.7,3.7,3.0,3.7,2.7,1.4,3.7,3.4,3.0,4.0,2.0,2.4,1.0,2.7,2.7,3.0,2.0,2.4,1.7,2.0,3.7,3.0,3.0,3.0,3.7,3.0,2.7,1.7,2.7,2.76
3.7,3.7,3.7,3.0,3.7,4.0,3.0,3.7,2.7,1.7,3.7,4.0,1.4,4.0,2.4,3.7,3.7,3.4,3.4,3.7,3.4,3.4,4.0,2.7,3.7,2.4,3.7,3.4,2.7,3.7,3.7,2.7,3.7,3.229
4.0,3.4,3.7,2.7,3.7,4.0,3.0,2.7,3.4,1.7,4.0,3.7,3.7,4.0,1.7,3.7,2.4,2.4,3.0,3.7,3.0,2.4,1.4,3.0,3.7,3.4,3.7,3.7,3.7,3.4,3.7,3.0,3.7,3.269
4.0,4.0,4.0,4.0,3.7,4.0,4.0,3.7,3.7,3.4,4.0,3.7,3.7,4.0,3.7,3.7,2.0,3.4,3.7,3.7,3.7,3.7,2.7,2.0,3.7,4.0,3.7,3.7,3.7,3.7,4.0,2.7,3.7,3.664
3.0,3.0,3.7,4.0,3.0,3.7,3.0,1.4,3.4,1.0,3.4,3.0,1.7,3.7,1.7,2.7,2.4,2.4,3.7,3.4,2.7,2.4,1.0,1.7,3.7,2.7,3.0,1.0,2.0,3.4,3.0,1.7,2.0,2.756
2.7,2.7,2.7,3.4,2.0,2.7,3.0,2.0,2.4,1.0,3.7,2.0,3.0,3.7,1.4,3.4,1.0,1.0,2.0,2.7,2.7,2.7,2.7,2.4,3.4,3.4,3.7,3.7,3.4,2.7,3.7,2.0,2.7,2.895
2.7,3.0,2.0,3.7,1.7,4.0,3.7,2.7,3.0,1.0,3.7,2.7,3.4,3.7,2.0,1.7,1.4,1.7,3.4,3.0,1.4,2.0,2.0,1.4,3.7,1.7,2.7,2.0,2.0,3.0,2.7,1.7,2.0,2.644
3.7,3.7,3.4,2.0,3.0,3.7,1.7,3.7,3.7,1.0,3.0,2.0,1.4,2.0,1.4,2.0,2.4,2.4,1.4,3.0,1.4,1.4,3.7,1.4,3.4,1.7,2.4,1.4,2.0,2.7,2.7,2.7,2.4,2.462
3.7,2.7,3.4,1.4,1.7,3.7,2.4,3.7,2.4,2.7,3.0,3.4,1.4,3.7,2.0,3.0,1.4,1.4,1.7,3.7,2.0,2.4,1.7,1.4,3.7,2.7,3.4,2.4,2.7,3.4,3.4,1.7,2.4,2.701
3.7,4.0,3.7,3.7,3.7,4.0,3.7,3.7,3.7,3.7,3.7,3.7,3.4,4.0,3.7,4.0,3.7,3.7,4.0,3.7,4.0,4.0,3.4,2.4,4.0,3.7,4.0,3.7,3.7,3.7,3.7,3.7,3.7,3.727
3.7,3.4,3.7,3.4,2.7,4.0,1.7,3.4,3.7,1.0,4.0,3.7,3.7,3.7,1.7,3.7,2.0,2.0,2.0,3.7,1.7,2.7,1.7,2.0,3.7,2.4,3.4,3.0,3.0,3.7,3.7,1.7,2.4,3.042
4.0,4.0,4.0,4.0,4.0,4.0,3.7,3.7,3.7,3.7,4.0,4.0,4.0,3.7,4.0,2.7,4.0,3.7,4.0,3.7,3.7,2.4,3.4,3.4,3.7,4.0,4.0,3.7,3.7,3.7,4.0,3.7,4.0,3.754
4.0,3.7,4.0,4.0,4.0,4.0,3.7,4.0,3.7,4.0,4.0,4.0,4.0,4.0,4.0,4.0,3.7,3.7,4.0,4.0,4.0,3.7,3.7,3.0,3.7,4.0,4.0,4.0,3.7,3.7,4.0,3.7,3.7,3.769
3.7,2.7,3.4,4.0,3.4,3.7,3.7,3.7,2.7,3.0,4.0,3.0,2.7,3.7,2.0,3.7,1.4,3.0,2.7,3.7,2.0,2.4,1.4,2.4,3.0,2.7,3.0,1.7,3.0,3.0,3.0,2.4,2.7,2.948
1.4,3.0,2.7,2.7,1.7,4.0,2.4,1.7,2.0,1.0,4.0,2.4,1.0,2.7,1.4,1.7,3.4,1.4,1.7,3.4,1.7,1.7,3.0,1.4,3.7,1.4,2.4,1.4,1.7,2.7,3.0,1.0,1.0,2.206
4.0,3.7,3.7,3.7,4.0,4.0,3.7,3.7,3.4,3.4,4.0,3.4,3.7,3.7,1.7,3.7,2.7,2.7,3.4,3.4,4.0,2.0,3.7,2.4,3.7,3.0,3.7,3.7,3.7,3.4,3.7,3.0,3.7,3.353
4.0,3.4,4.0,4.0,3.7,4.0,3.7,4.0,3.7,4.0,4.0,4.0,4.0,4.0,3.7,4.0,3.7,3.7,3.7,4.0,3.7,4.0,2.0,3.0,3.0,4.0,3.7,4.0,3.7,3.7,3.7,3.0,3.7,3.573
4.0,3.7,4.0,4.0,3.4,4.0,3.0,2.7,3.7,2.0,4.0,3.0,3.4,4.0,1.7,3.7,2.0,1.7,2.7,3.4,3.0,3.0,1.0,2.7,3.7,3.4,3.7,4.0,2.7,3.0,3.7,2.4,4.0,3.267
3.7,2.0,4.0,2.7,2.7,4.0,3.0,3.7,2.4,1.7,4.0,3.0,3.7,3.7,2.4,2.7,1.4,1.4,2.0,2.7,1.7,2.0,2.0,2.4,3.7,3.0,3.0,3.7,2.7,2.7,3.0,1.4,2.7,2.756
3.7,2.7,3.7,4.0,2.7,3.4,3.7,3.0,3.4,1.0,4.0,1.7,2.7,3.7,1.7,1.7,1.4,1.4,1.4,3.7,1.7,1.7,1.4,2.4,3.7,1.4,2.7,3.0,2.7,2.7,2.7,1.7,1.7,2.595
4.0,3.7,3.7,4.0,3.7,4.0,3.7,3.4,3.7,3.4,4.0,3.7,3.7,4.0,4.0,3.7,2.4,3.0,3.7,3.7,3.4,3.7,2.7,2.4,3.7,3.7,3.7,3.7,3.7,3.7,4.0,2.7,3.4,3.593
4.0,3.7,3.7,4.0,3.4,3.7,3.4,3.4,3.7,2.4,4.0,3.4,3.7,3.4,1.7,3.4,2.0,2.4,2.7,2.7,2.4,2.7,3.0,2.4,3.7,3.4,3.7,3.7,3.7,2.7,3.7,2.7,3.7,3.271
3.0,2.7,3.7,2.0,3.4,4.0,2.7,2.4,2.7,2.0,3.7,3.0,2.0,3.4,1.4,2.7,1.7,2.7,2.4,2.7,1.7,1.7,3.7,1.7,3.4,2.0,3.0,2.0,3.0,2.4,2.7,1.7,2.0,2.605
3.7,2.7,3.7,4.0,2.7,3.7,1.7,3.7,3.7,2.7,3.7,2.7,3.7,3.7,2.4,3.7,1.4,2.4,2.0,3.7,2.0,3.0,1.4,2.0,3.0,2.7,2.7,2.7,2.7,3.7,3.7,2.0,3.4,3.058
3.7,3.4,3.7,3.4,2.7,3.7,2.7,3.0,3.4,1.4,3.7,3.4,2.7,3.4,1.7,3.4,1.4,1.7,2.7,3.7,1.7,1.7,2.0,1.7,3.7,1.7,3.0,1.7,2.7,3.0,2.7,1.4,2.0,2.687
4.0,3.7,4.0,4.0,3.7,3.7,3.7,3.4,3.7,2.7,4.0,3.7,4.0,4.0,3.7,3.4,3.4,2.4,3.0,3.7,3.7,3.0,4.0,2.4,3.7,2.7,3.7,4.0,2.7,3.4,3.7,3.7,3.0,3.432
3.7,3.7,3.7,2.7,2.7,3.4,3.0,2.7,2.0,1.0,4.0,3.4,2.4,3.7,1.4,3.0,2.0,1.7,1.7,2.7,2.0,2.4,3.7,2.0,3.7,2.7,3.4,3.4,2.4,2.7,3.4,2.0,2.7,2.785
4.0,3.7,3.7,3.7,3.7,4.0,3.7,3.7,2.7,4.0,3.7,1.7,3.7,4.0,2.4,4.0,2.7,3.4,3.7,3.7,3.7,3.4,2.7,2.7,3.7,2.7,3.7,3.7,3.4,3.4,3.0,3.0,3.0,3.328
3.4,3.7,3.7,3.0,2.7,4.0,2.7,2.0,3.0,1.4,4.0,2.7,2.4,4.0,1.4,3.0,1.7,2.4,2.0,3.0,2.0,2.4,2.4,2.4,3.7,1.7,2.7,3.0,2.4,2.7,3.7,2.0,2.0,2.756
3.4,3.4,3.0,3.0,3.0,3.7,3.0,3.7,3.0,2.4,4.0,2.4,2.7,3.4,3.7,3.0,2.0,2.4,2.7,3.7,2.4,2.4,2.7,2.7,3.7,3.0,3.7,3.4,3.7,3.4,2.7,2.4,2.4,3.043
2.7,4.0,3.4,4.0,3.7,4.0,2.4,2.7,2.4,1.0,2.7,2.7,4.0,3.7,1.0,3.0,2.4,1.4,2.7,2.4,2.0,2.7,1.7,1.7,3.0,1.4,3.0,1.4,2.0,3.4,2.7,1.7,2.4,2.44
4.0,3.0,4.0,4.0,3.7,3.7,3.4,3.7,3.4,3.7,4.0,3.7,3.7,3.7,3.7,3.7,2.4,4.0,3.0,4.0,3.7,3.4,3.0,2.4,3.7,3.7,4.0,3.0,3.0,3.7,4.0,2.7,4.0,3.512
1.7,1.0,1.4,2.0,1.0,3.7,1.0,1.0,2.0,1.4,1.4,2.4,2.4,1.4,2.4,1.0,2.4,1.4,1.0,1.7,1.7,3.0,1.7,1.7,2.7,1.0,1.4,2.7,1.4,1.7,1.4,1.0,1.7,1.764
2.7,1.7,3.0,2.7,1.7,3.7,2.4,3.4,2.7,1.0,3.7,2.7,3.4,3.4,2.0,2.4,1.7,1.7,1.4,3.4,2.0,2.4,3.7,3.0,3.7,1.7,2.7,2.7,2.0,3.4,2.7,1.7,2.0,2.605
2.7,3.0,3.4,3.0,1.4,3.7,1.7,3.4,2.0,1.4,3.4,3.4,1.7,3.0,1.7,2.4,1.4,1.4,1.4,2.4,1.4,1.7,3.0,1.4,3.7,1.7,2.0,2.7,2.0,2.7,3.0,1.4,1.4,2.311
3.7,2.4,3.7,4.0,3.4,4.0,3.7,3.7,3.7,3.4,4.0,3.4,3.7,3.7,3.7,3.7,1.7,2.7,4.0,4.0,2.7,3.7,2.7,2.7,3.4,3.7,3.7,3.4,3.4,3.7,4.0,3.7,4.0,3.479
3.7,3.0,3.7,4.0,3.4,4.0,4.0,3.7,3.7,3.0,4.0,3.7,2.7,4.0,2.4,3.4,3.0,3.0,3.0,3.7,2.7,3.4,3.4,2.0,3.7,3.7,3.4,3.7,2.7,3.7,4.0,3.4,2.7,3.447
4.0,3.7,4.0,4.0,4.0,4.0,4.0,3.7,3.7,3.0,4.0,3.7,3.7,4.0,3.7,4.0,2.7,2.7,3.7,3.7,3.7,4.0,3.7,3.0,4.0,4.0,4.0,4.0,4.0,3.4,4.0,3.7,4.0,3.751
3.4,1.4,1.7,3.4,2.7,4.0,2.7,2.7,3.0,2.4,4.0,1.7,2.4,3.4,1.4,3.0,1.4,2.4,2.0,2.7,1.7,2.0,1.0,2.7,3.0,1.7,2.4,1.4,3.0,3.0,3.7,1.4,1.4,2.484
3.7,3.0,3.4,3.7,3.7,4.0,3.0,3.0,2.7,3.7,2.7,3.4,1.7,3.7,1.4,2.7,2.0,3.7,2.4,1.4,2.4,1.7,3.7,1.7,3.7,1.7,2.7,1.7,3.7,2.0,2.7,1.4,2.0,2.704
2.7,2.7,2.7,4.0,1.7,3.7,3.4,2.4,3.4,1.7,3.4,1.4,3.0,3.7,3.7,1.7,1.4,1.4,2.4,3.0,1.4,3.0,3.7,2.0,3.7,2.7,2.7,3.4,3.7,3.7,2.7,2.4,2.7,2.806
4.0,1.7,3.7,4.0,3.7,4.0,4.0,4.0,3.7,3.7,4.0,3.7,4.0,4.0,4.0,4.0,3.7,3.7,3.7,3.7,3.7,4.0,3.7,2.4,3.7,4.0,4.0,4.0,3.7,3.7,4.0,3.7,4.0,3.755
3.7,3.7,3.7,3.0,3.4,3.7,3.7,3.7,3.0,2.4,4.0,2.7,3.4,4.0,2.4,3.7,1.7,3.0,2.4,3.4,2.7,2.7,1.4,2.0,3.0,2.0,2.7,3.4,2.7,2.7,2.7,2.7,1.4,2.925
3.7,3.7,4.0,3.4,2.7,4.0,3.7,3.0,2.0,2.0,4.0,3.7,2.4,4.0,3.4,4.0,1.4,3.7,3.7,2.7,3.7,3.7,3.7,3.0,3.7,3.7,4.0,4.0,4.0,3.7,4.0,4.0,3.7,3.54
3.7,2.4,3.7,3.7,2.0,3.0,2.4,3.7,3.0,1.0,3.7,3.4,1.4,4.0,1.7,1.7,1.4,1.0,1.4,3.0,1.4,1.4,1.4,1.7,3.7,1.4,2.0,2.0,2.7,2.7,3.0,1.7,1.4,2.388
4.0,3.7,3.4,3.7,3.7,3.7,3.4,3.7,3.7,2.0,4.0,3.7,3.7,4.0,3.7,3.7,2.0,3.7,3.7,3.7,3.7,3.0,3.0,3.7,3.4,3.7,3.7,3.7,3.4,3.7,3.7,3.7,3.0,3.473
3.4,3.7,3.4,3.0,3.0,3.7,3.4,3.7,3.0,1.0,3.7,3.7,3.0,3.7,1.7,2.4,1.4,1.7,3.7,3.4,2.7,2.7,2.7,1.7,3.0,2.4,3.4,2.0,3.4,3.4,2.4,2.4,2.4,2.845
4.0,3.0,3.7,3.7,3.7,4.0,3.7,3.4,3.7,3.7,4.0,4.0,3.0,4.0,2.7,3.7,1.4,3.7,3.7,3.7,3.7,3.4,3.7,2.4,3.7,3.7,3.7,3.7,3.7,3.7,4.0,3.4,3.4,3.555
3.4,4.0,4.0,2.7,3.4,3.7,3.0,2.4,1.7,1.0,3.7,3.0,1.0,4.0,3.0,3.0,1.4,1.0,1.4,1.7,1.7,3.0,1.4,2.7,3.7,3.4,4.0,2.0,3.0,4.0,3.4,2.4,4.0,2.854
2.7,2.7,3.7,3.0,3.4,3.7,2.7,1.7,2.7,2.7,3.0,2.7,3.0,4.0,2.4,3.4,2.4,3.0,3.7,3.0,2.4,3.4,3.0,2.4,2.7,3.0,3.7,2.7,3.0,3.4,3.4,2.4,3.0,3.055
2.7,3.0,2.7,2.7,1.7,3.7,2.7,1.4,3.0,1.4,2.7,3.0,2.4,3.7,1.0,2.0,1.0,1.7,1.4,2.7,1.4,2.0,1.0,2.4,3.4,2.0,3.0,2.0,2.0,2.7,2.7,1.4,2.7,2.391
3.4,3.0,3.4,3.0,2.4,3.4,1.7,1.4,3.4,1.7,3.0,2.7,4.0,3.4,2.4,3.4,2.0,1.0,1.7,2.7,1.4,2.4,2.4,2.0,2.0,2.4,3.0,3.7,1.7,3.0,3.7,2.0,2.7,2.619
2.7,3.4,3.0,1.4,1.7,3.4,1.7,1.0,1.4,1.0,2.7,1.4,1.0,1.7,1.0,1.4,1.4,1.4,1.4,1.7,2.0,3.7,3.7,1.7,2.7,1.0,2.4,1.4,1.7,2.0,1.4,1.7,1.4,1.905
1.0,2.4,2.7,1.0,1.7,3.4,1.4,1.7,1.4,1.0,1.7,2.4,1.4,1.7,1.7,2.0,2.4,1.4,2.4,1.4,1.0,2.7,2.7,1.4,1.7,1.0,2.4,2.7,1.4,2.7,1.7,3.0,2.7,2.009
3.4,1.4,1.4,3.0,1.4,4.0,3.7,3.0,2.4,1.7,3.7,3.0,3.4,3.7,2.7,3.4,1.7,1.7,1.4,3.7,2.0,2.7,3.7,2.0,3.4,2.7,2.7,3.0,2.4,2.4,3.0,2.0,2.7,2.705
2.4,3.7,3.0,2.4,2.7,3.4,1.7,1.0,2.4,2.7,3.4,3.0,1.4,2.4,1.4,2.7,1.4,2.7,1.7,2.4,1.7,1.4,3.7,1.7,2.0,2.4,2.4,4.0,1.4,2.4,2.7,1.7,2.4,2.408
2.4,1.7,3.4,2.4,1.4,3.7,2.4,2.0,2.7,1.0,3.7,2.4,1.7,3.7,2.0,2.0,1.0,1.0,1.4,2.4,1.4,2.4,1.0,1.7,3.0,2.0,2.7,2.0,1.7,3.4,2.4,1.7,1.7,2.298
4.0,3.7,3.7,4.0,3.7,4.0,2.4,4.0,3.7,3.0,4.0,4.0,3.0,4.0,3.7,3.7,3.7,2.0,4.0,2.7,4.0,3.7,4.0,2.4,3.7,4.0,3.7,3.7,3.7,3.0,3.7,3.7,3.7,3.521
0.0,1.4,0.0,0.0,0.0,1.0,2.4,1.0,0.0,0.0,1.0,0.0,0.0,0.0,0.0,0.0,0.0,0.0,0.0,0.0,0.0,0.0,2.4,2.4,2.4,2.4,2.4,2.4,2.4,2.4,2.4,2.4,2.4,1.092
2.7,2.4,1.4,1.0,3.7,2.7,3.0,3.4,2.4,1.0,1.7,3.7,2.4,2.7,3.0,1.0,2.0,1.4,2.7,1.0,1.7,1.7,0.0,2.4,2.4,2.4,2.4,2.4,1.0,1.4,2.4,0.0,2.4,2.086
1.4,1.0,1.7,1.0,1.7,2.0,3.4,1.4,1.7,1.4,1.0,2.7,1.0,1.4,1.4,1.4,1.0,1.0,1.0,1.0,1.4,2.0,2.4,1.7,1.0,1.0,2.0,1.0,1.4,1.7,1.0,1.4,1.7,2.086
3.7,3.7,4.0,4.0,4.0,4.0,3.7,4.0,3.7,4.0,4.0,4.0,4.0,3.4,4.0,4.0,4.0,4.0,4.0,4.0,4.0,4.0,4.0,3.0,3.7,4.0,4.0,4.0,4.0,4.0,4.0,4.0,4.0,3.919
3.4,4.0,4.0,4.0,4.0,4.0,3.7,4.0,4.0,4.0,4.0,4.0,4.0,4.0,4.0,4.0,4.0,4.0,4.0,4.0,4.0,4.0,4.0,3.4,4.0,4.0,4.0,4.0,4.0,4.0,4.0,4.0,4.0,3.972
3.0,3.7,4.0,4.0,4.0,3.7,3.7,4.0,4.0,4.0,4.0,3.7,3.7,3.7,4.0,3.7,4.0,3.0,4.0,4.0,4.0,4.0,4.0,3.0,4.0,4.0,3.7,4.0,4.0,4.0,3.7,4.0,4.0,3.856
3.4,3.0,4.0,3.4,3.7,4.0,3.4,3.4,3.4,4.0,4.0,4.0,3.7,3.0,4.0,4.0,4.0,3.4,4.0,4.0,3.7,4.0,4.0,3.0,4.0,4.0,4.0,4.0,4.0,4.0,4.0,4.0,3.4,3.772
1.0,1.7,1.0,2.0,1.0,1.0,2.7,0.0,1.4,0.0,0.0,0.0,0.0,2.4,2.4,2.4,0.0,1.4,2.4,2.4,1.0,0.0,2.4,2.4,2.4,2.4,2.4,2.4,2.4,2.4,2.4,2.4,2.4,0.998
2.7,4.0,4.0,4.0,4.0,4.0,3.7,4.0,4.0,4.0,4.0,4.0,4.0,4.0,4.0,4.0,4.0,3.7,4.0,4.0,4.0,4.0,4.0,3.4,4.0,4.0,4.0,4.0,4.0,4.0,4.0,4.0,4.0,3.943
3.0,2.0,3.0,2.4,3.4,3.0,3.0,3.4,3.4,3.0,3.0,4.0,2.7,3.0,3.7,2.4,3.0,2.0,2.7,3.7,3.7,3.4,3.0,2.7,2.0,3.4,3.0,3.0,3.7,2.0,3.0,4.0,3.0,3.071
3.0,2.7,4.0,3.4,4.0,3.0,3.4,4.0,3.4,2.0,3.4,4.0,4.0,3.7,4.0,4.0,3.4,3.0,3.7,4.0,3.0,3.7,3.7,3.4,3.0,3.7,4.0,3.7,3.4,3.0,4.0,4.0,4.0,3.605
3.7,2.4,4.0,3.7,4.0,3.7,3.7,4.0,3.7,3.0,3.4,4.0,3.4,4.0,4.0,3.7,3.4,3.0,3.7,4.0,3.0,3.7,4.0,3.4,3.4,3.7,4.0,4.0,3.7,3.0,3.7,4.0,4.0,3.653
1.0,1.4,1.0,2.0,1.7,1.4,3.0,1.7,2.0,1.7,1.4,2.0,3.0,2.0,1.4,2.0,2.4,2.4,2.0,2.0,1.7,1.7,3.0,2.4,2.4,1.7,3.4,1.4,0.0,0.0,1.0,1.0,0.0,1.876
2.4,3.0,4.0,3.7,4.0,3.0,3.7,4.0,2.7,3.0,3.7,4.0,3.4,4.0,4.0,4.0,3.7,3.0,3.4,4.0,2.7,3.0,3.7,3.4,3.7,4.0,4.0,4.0,3.4,3.4,4.0,4.0,4.0,3.668
1.4,2.0,2.7,2.7,3.4,2.4,3.4,2.7,1.7,2.0,2.7,3.4,1.7,1.4,3.4,3.4,2.4,1.7,3.0,4.0,2.4,2.7,2.7,2.7,2.0,2.7,3.7,3.0,3.4,2.0,3.4,4.0,3.4,2.791
1.0,3.4,1.0,1.7,1.7,4.0,3.4,1.0,1.4,2.0,2.4,3.0,1.0,1.0,2.4,1.0,2.4,3.0,2.0,1.4,2.4,1.0,1.7,2.0,2.7,1.4,1.0,3.4,1.7,2.7,1.4,4.0,1.0,1.919
2.0,1.7,3.0,1.7,3.4,3.0,3.4,2.7,2.4,2.0,2.4,3.7,1.4,1.0,3.0,2.4,2.7,3.0,1.7,3.4,2.7,1.7,4.0,3.0,1.7,3.7,3.0,3.7,2.7,1.0,3.0,4.0,2.7,2.775
3.0,3.0,3.7,2.0,3.0,2.7,3.0,3.7,3.4,3.4,3.4,4.0,1.0,2.7,2.7,2.0,2.4,3.0,2.0,2.7,3.7,2.0,3.0,3.0,2.0,3.0,2.4,2.0,2.4,3.0,1.4,3.7,1.4,2.654
2.0,3.4,3.7,2.7,3.4,2.4,2.7,4.0,3.0,2.7,3.0,3.0,3.0,3.7,4.0,3.4,3.7,3.4,3.7,4.0,3.4,3.7,3.7,3.0,3.0,3.7,3.0,4.0,3.7,3.4,3.4,4.0,3.0,3.416
2.4,2.7,1.7,3.0,3.7,1.4,3.7,3.7,2.0,1.4,2.0,4.0,1.0,2.0,4.0,4.0,2.7,1.4,2.7,3.4,3.7,2.7,3.4,3.0,2.4,3.7,3.4,3.4,3.4,2.0,3.4,4.0,3.0,3.017
3.0,3.4,4.0,3.4,4.0,4.0,3.0,4.0,4.0,3.4,4.0,4.0,3.7,4.0,3.7,3.4,4.0,2.7,3.7,4.0,2.7,4.0,3.7,2.7,3.0,4.0,3.4,4.0,3.7,3.7,3.4,4.0,3.0,3.656
3.0,3.7,4.0,3.4,4.0,3.4,3.7,4.0,4.0,4.0,4.0,4.0,2.7,3.7,4.0,4.0,4.0,2.7,4.0,4.0,3.7,4.0,4.0,3.0,4.0,4.0,4.0,4.0,4.0,3.0,4.0,4.0,3.7,3.798
1.0,1.7,1.4,3.0,4.0,2.7,3.0,3.4,2.4,2.4,2.4,4.0,1.4,3.0,2.7,3.4,3.4,2.4,3.0,3.7,2.7,3.0,3.0,2.7,2.0,3.0,3.0,2.7,2.7,1.4,3.0,4.0,2.7,2.736
1.7,2.0,2.0,3.4,4.0,2.4,3.0,3.7,2.4,2.4,3.0,3.0,2.7,3.4,3.7,3.4,2.0,3.0,3.0,3.7,3.0,1.7,3.4,2.7,2.7,3.7,4.0,3.7,3.4,2.0,3.4,4.0,3.7,3.156
2.7,4.0,4.0,4.0,3.7,3.7,3.7,4.0,4.0,4.0,4.0,4.0,4.0,4.0,4.0,3.4,4.0,3.4,3.7,4.0,3.7,4.0,4.0,3.0,4.0,3.7,4.0,4.0,4.0,3.7,4.0,4.0,3.4,3.84
2.0,2.0,3.0,3.7,3.7,2.4,3.0,4.0,1.7,1.7,3.0,3.4,3.7,3.4,3.7,3.4,3.4,3.4,2.0,3.4,1.7,2.4,3.7,2.7,1.7,3.7,4.0,3.4,2.4,1.7,3.4,4.0,3.0,3.058
2.0,2.0,3.7,3.0,3.4,3.0,3.4,3.7,3.0,3.4,3.7,4.0,1.0,3.0,3.7,2.7,3.4,2.7,3.0,3.7,3.7,3.4,4.0,3.0,3.4,4.0,4.0,3.7,3.4,2.7,3.0,4.0,2.4,3.318
1.4,2.4,3.4,3.4,3.4,2.0,3.0,4.0,1.7,2.4,3.0,3.0,2.4,2.7,3.7,3.7,2.4,3.0,2.0,3.0,3.4,2.0,3.7,3.0,1.7,3.4,3.0,3.4,2.0,2.0,3.4,4.0,3.4,2.922
1.0,1.0,1.0,1.0,2.4,2.0,3.0,1.4,2.4,1.0,2.4,1.7,3.4,1.4,3.0,1.7,2.4,2.7,3.0,2.0,2.0,1.0,1.7,3.0,1.0,2.4,3.0,3.0,2.0,1.0,2.0,3.7,1.7,2.196
2.4,2.7,3.4,3.0,4.0,3.0,3.4,4.0,3.0,3.0,3.4,4.0,1.7,3.4,3.7,4.0,3.0,3.7,3.4,3.7,3.0,2.0,4.0,3.0,2.7,3.7,3.7,3.4,3.4,1.7,3.7,4.0,3.0,3.335
3.7,3.0,4.0,3.4,4.0,3.7,3.7,4.0,4.0,2.7,3.7,3.7,2.0,4.0,3.7,3.4,3.4,2.4,3.7,4.0,3.4,3.0,4.0,3.4,3.7,4.0,4.0,4.0,4.0,3.0,4.0,4.0,3.7,3.659
3.0,2.0,3.4,2.0,3.7,2.0,3.7,4.0,3.4,2.4,3.7,3.0,3.7,3.7,3.4,3.0,4.0,2.0,3.0,3.4,4.0,3.0,3.0,3.0,3.0,3.4,2.7,3.4,3.4,3.0,2.7,4.0,3.4,3.167
1.4,3.7,4.0,3.0,4.0,1.7,3.4,2.7,3.0,2.4,4.0,3.7,1.7,3.7,4.0,3.0,4.0,1.4,4.0,4.0,3.4,4.0,3.7,2.7,3.0,3.4,2.7,4.0,4.0,3.4,4.0,4.0,3.0,3.418
1.4,2.0,2.0,2.0,2.4,1.4,3.4,1.4,1.0,1.7,2.4,2.4,1.0,2.0,3.7,3.7,1.4,2.4,2.7,3.4,3.4,1.4,3.4,3.0,3.0,3.7,3.4,3.4,3.0,1.7,3.4,4.0,3.4,2.729
2.4,4.0,4.0,3.7,4.0,3.7,3.0,4.0,3.4,3.4,4.0,3.7,4.0,4.0,4.0,3.7,4.0,4.0,4.0,4.0,2.4,4.0,3.7,3.0,4.0,4.0,3.7,4.0,4.0,4.0,4.0,4.0,3.4,3.737
2.4,2.0,3.0,2.4,3.0,3.4,3.4,4.0,3.7,4.0,4.0,1.4,2.4,2.7,3.4,2.7,4.0,2.4,3.0,3.4,2.4,2.7,3.7,3.0,2.4,3.4,2.7,3.0,3.7,2.4,2.7,4.0,1.7,3.06
2.0,2.7,3.0,3.7,3.4,3.4,3.4,3.7,2.4,2.4,3.0,3.7,2.0,3.0,3.0,3.4,3.4,3.4,2.0,3.4,3.0,3.0,3.4,2.7,2.4,3.4,3.4,3.0,2.7,2.0,3.4,4.0,2.0,3.033
3.4,3.0,4.0,3.7,4.0,3.4,3.7,4.0,3.7,3.0,3.4,3.7,2.0,2.4,4.0,3.7,3.4,3.4,3.0,3.4,3.7,3.7,4.0,3.0,2.4,3.7,4.0,3.4,3.4,3.0,3.7,4.0,3.4,3.476
1.4,1.0,3.7,1.0,2.0,1.7,3.0,1.4,1.4,1.0,1.0,3.4,1.0,4.0,3.0,1.4,2.0,1.7,3.0,1.7,3.0,1.0,3.0,2.7,1.0,2.7,1.7,2.4,2.4,1.7,1.7,4.0,2.0,2.191
1.0,1.4,1.0,2.0,2.0,1.0,3.0,1.0,1.0,1.4,1.0,3.7,1.0,1.0,3.4,3.4,1.0,2.0,1.0,3.4,3.0,1.7,3.4,3.0,2.0,3.0,2.7,3.0,2.7,1.4,2.4,4.0,2.0,2.266
2.7,3.4,3.4,2.0,3.7,3.0,3.7,4.0,3.7,3.4,3.7,4.0,3.0,2.7,3.7,3.7,4.0,2.7,3.0,4.0,4.0,3.0,3.7,3.0,2.4,3.4,3.4,3.7,3.7,2.0,3.4,4.0,3.0,3.33
2.0,4.0,1.0,3.0,3.7,3.7,2.0,1.7,1.4,1.7,1.0,1.4,1.0,1.0,1.0,1.7,1.7,1.7,1.0,2.0,3.0,1.0,1.0,2.0,2.0,1.7,1.4,1.4,1.0,1.0,2.0,3.7,2.0,1.886
1.7,2.7,3.4,2.0,3.7,1.7,3.4,2.4,3.4,2.7,3.0,4.0,1.0,1.4,3.4,3.4,3.4,3.0,2.7,3.4,3.0,1.7,3.0,3.4,1.7,3.4,3.4,3.0,3.4,1.0,3.7,4.0,2.7,2.914
1.0,1.4,3.0,1.4,2.0,1.0,3.4,1.0,1.7,1.0,1.4,3.4,1.0,3.4,2.0,2.4,1.7,2.7,1.0,2.0,1.0,3.7,2.0,2.0,1.0,2.4,1.0,2.0,1.4,3.7,1.7,3.0,2.0,2.028
3.0,3.4,4.0,3.7,4.0,4.0,3.7,4.0,3.0,3.4,3.7,4.0,4.0,3.0,4.0,3.7,3.7,3.7,3.7,3.7,3.4,3.0,4.0,3.0,3.0,3.7,3.7,4.0,4.0,3.0,3.7,4.0,3.0,3.574
1.0,2.0,1.0,1.0,2.0,2.7,3.0,1.0,1.7,1.0,1.0,2.0,1.0,1.0,2.0,2.0,2.4,2.4,1.7,2.0,2.0,1.0,3.0,1.7,1.4,2.7,3.0,1.4,3.7,1.4,1.7,3.7,2.4,1.955
1.0,2.0,1.0,1.0,2.0,1.7,2.4,3.0,2.0,3.4,2.0,2.0,1.0,1.4,3.0,2.0,1.4,2.7,2.7,2.0,2.0,1.4,2.4,2.7,2.0,2.7,1.0,1.4,1.7,2.4,1.0,3.4,2.0,2.003
2.4,2.7,2.4,3.0,3.7,1.7,3.7,4.0,3.0,2.4,1.7,3.4,3.4,3.4,3.7,3.7,3.4,4.0,3.4,3.4,3.7,3.0,3.7,2.7,2.4,3.7,2.7,3.0,3.7,1.0,3.7,4.0,3.7,3.259
2.4,3.7,4.0,3.0,4.0,3.0,2.7,4.0,3.0,3.7,4.0,3.0,4.0,3.0,4.0,3.4,4.0,2.0,4.0,4.0,3.0,4.0,4.0,2.7,3.4,4.0,3.4,4.0,4.0,3.7,4.0,4.0,3.7,3.641
1.0,2.4,3.4,1.4,2.7,1.7,4.0,3.7,1.4,1.0,1.7,3.7,2.4,2.7,3.4,3.0,3.0,2.0,1.7,3.4,3.0,3.0,3.4,2.7,1.0,2.7,2.0,3.0,2.7,1.7,2.7,4.0,2.7,2.599
2.4,2.7,2.4,1.7,2.7,2.7,3.0,2.4,2.0,1.7,1.4,2.4,1.0,1.4,2.7,2.4,3.0,2.4,1.0,3.0,3.0,1.0,1.7,1.4,1.4,3.0,1.7,2.7,2.0,1.0,1.4,3.7,1.0,2.188
2.0,1.7,2.4,1.7,2.4,1.4,3.7,2.4,1.4,3.4,2.7,3.4,1.7,2.7,3.7,2.0,3.0,2.7,2.4,3.0,2.0,1.7,3.4,2.0,1.7,3.0,2.0,3.4,3.4,1.7,3.4,4.0,2.0,2.716
3.0,2.0,2.7,2.4,3.7,2.0,3.4,3.4,3.0,2.7,2.7,3.7,1.0,2.4,3.7,3.4,2.0,3.7,2.0,2.4,2.7,2.4,3.4,2.7,1.4,3.0,2.7,3.0,2.7,1.0,1.7,3.7,2.4,2.619
2.0,2.7,2.7,3.0,3.4,2.0,3.4,3.7,2.4,2.7,3.7,3.7,3.4,2.4,3.4,3.7,3.0,2.4,2.0,3.4,3.7,3.0,3.0,2.7,2.0,3.4,2.0,3.4,3.4,1.7,3.7,4.0,2.7,2.995
1.0,1.7,1.0,1.4,2.4,2.7,2.7,1.7,1.4,1.0,1.0,2.0,1.0,1.0,2.4,2.4,2.0,2.0,1.0,2.4,3.7,1.0,2.7,2.0,1.7,1.7,1.4,1.7,3.7,1.4,1.7,4.0,1.4,1.936
3.4,3.4,4.0,2.4,3.7,3.0,3.4,3.4,3.7,4.0,4.0,3.7,2.7,3.0,4.0,3.7,4.0,2.4,4.0,4.0,4.0,4.0,4.0,3.0,4.0,3.4,3.0,4.0,3.4,3.7,4.0,4.0,2.7,3.615
3.0,2.7,1.4,2.0,2.4,1.4,3.4,3.0,1.4,2.4,3.0,3.4,1.7,1.4,2.7,2.7,2.4,2.4,1.7,2.0,3.4,1.7,3.4,1.0,1.0,3.4,1.7,2.0,3.0,1.4,2.4,4.0,2.4,2.488
3.7,4.0,3.0,3.4,4.0,2.7,3.0,4.0,3.0,2.7,3.4,3.0,3.4,3.0,3.7,3.4,4.0,2.4,3.4,3.7,3.7,3.7,3.7,2.7,2.7,3.7,3.4,3.4,3.7,2.0,3.4,4.0,3.4,3.408
1.0,1.0,3.0,1.7,2.4,3.0,2.7,2.4,2.0,1.4,1.7,2.7,1.0,1.7,3.4,3.0,1.4,2.0,2.0,2.7,2.0,1.4,3.4,3.0,2.0,3.4,3.0,3.0,3.0,1.4,2.7,4.0,2.7,2.49
1.0,1.0,3.0,2.4,1.0,2.7,3.0,2.7,2.7,1.0,1.7,2.4,2.0,0.0,1.4,2.0,1.7,1.0,1.4,1.4,3.0,1.0,1.0,1.4,0.0,3.0,3.0,1.0,2.0,2.4,1.0,2.0,0.0,1.804
2.0,2.7,3.0,2.4,3.4,2.7,3.4,3.0,3.0,1.4,2.7,2.4,3.0,1.0,3.4,3.7,2.7,1.7,2.7,3.0,3.7,2.0,3.7,3.0,2.4,3.0,3.4,3.0,2.0,3.0,2.0,4.0,2.4,2.88
2.7,3.7,4.0,3.4,3.7,3.0,3.4,4.0,3.7,3.4,4.0,3.7,3.4,2.4,3.4,3.0,4.0,2.7,3.0,3.7,3.4,3.7,2.7,2.4,2.4,3.4,1.0,2.0,3.0,2.4,2.7,4.0,3.0,3.184
2.4,3.0,2.7,3.0,4.0,2.0,3.7,3.4,3.0,2.7,3.4,3.7,1.4,2.0,3.4,1.7,3.0,1.4,2.0,3.0,3.7,2.7,3.4,2.0,2.4,3.4,3.0,3.0,3.0,1.7,2.7,4.0,3.4,2.984
3.4,3.0,2.7,3.4,2.7,3.0,3.0,2.7,1.7,1.4,1.7,2.7,1.4,2.7,3.0,3.0,3.0,2.7,1.0,3.4,2.4,1.7,3.0,2.0,1.7,2.7,1.4,1.0,1.7,1.0,2.7,3.4,1.4,2.384
1.7,1.7,1.0,2.0,2.7,1.4,3.0,1.4,3.0,1.4,1.4,3.0,3.0,2.7,3.4,2.7,1.4,2.4,2.0,3.4,2.0,1.7,2.0,1.7,1.4,2.0,1.0,3.7,1.7,1.4,2.0,4.0,2.0,2.236
2.4,3.0,3.7,4.0,4.0,3.4,3.7,4.0,2.7,2.4,2.7,4.0,2.0,3.0,3.0,2.7,2.7,1.7,2.0,3.4,3.7,2.7,3.7,2.7,2.7,3.0,2.7,4.0,3.0,2.4,3.4,4.0,3.4,3.09
3.0,3.0,4.0,3.4,4.0,4.0,3.4,4.0,3.7,2.7,3.7,4.0,4.0,3.0,3.7,3.7,3.7,3.7,4.0,4.0,4.0,3.7,4.0,3.0,4.0,3.7,3.4,4.0,4.0,2.7,3.7,4.0,3.4,3.689
1.0,1.0,1.0,1.0,1.7,1.7,1.7,2.4,2.0,1.0,2.7,3.4,1.0,1.0,1.7,3.0,3.0,1.7,2.0,2.0,1.4,1.0,2.0,1.4,2.0,2.0,3.7,4.0,3.7,3.0,2.7,4.0,1.4,2.084
3.0,2.0,3.4,3.4,4.0,3.4,3.7,3.4,3.4,2.7,3.4,4.0,3.0,3.0,4.0,4.0,2.7,3.0,3.4,3.7,3.7,3.0,3.7,3.0,3.0,3.4,3.4,4.0,3.7,2.4,4.0,4.0,2.7,3.396
3.4,3.7,4.0,3.4,3.7,4.0,3.4,3.7,4.0,3.4,4.0,3.7,3.7,3.0,4.0,3.7,3.7,4.0,4.0,4.0,3.7,3.4,4.0,2.0,4.0,3.0,2.4,4.0,4.0,3.4,3.7,4.0,3.7,3.651
4.0,3.7,4.0,3.4,3.4,3.4,3.7,3.4,4.0,4.0,4.0,4.0,4.0,3.4,4.0,4.0,3.7,3.0,3.7,4.0,3.4,4.0,4.0,3.0,3.0,3.7,3.0,4.0,4.0,3.0,4.0,4.0,3.7,3.714
1.0,1.4,2.7,2.4,1.4,1.0,2.7,1.0,2.0,1.4,1.7,2.7,1.0,4.0,1.7,1.7,1.4,1.7,1.0,2.0,2.0,1.0,1.0,1.4,0.0,3.0,1.0,2.4,2.0,2.4,1.0,4.0,1.4,1.713
3.0,4.0,4.0,3.0,3.4,4.0,3.4,2.7,4.0,4.0,4.0,3.7,3.7,3.4,3.4,2.7,4.0,4.0,4.0,3.7,4.0,4.0,3.7,2.4,3.4,3.4,2.0,3.4,4.0,3.7,2.7,4.0,2.7,3.387
2.4,3.4,3.7,3.4,4.0,4.0,3.4,4.0,3.0,2.7,4.0,3.4,3.0,3.4,3.7,3.4,4.0,3.4,3.4,4.0,3.7,3.0,4.0,2.7,3.4,3.7,3.7,4.0,3.0,2.7,4.0,4.0,3.0,3.492
3.0,3.0,3.7,3.7,3.4,3.7,3.4,4.0,2.7,3.0,3.4,4.0,2.7,3.0,3.4,3.4,3.4,3.0,3.0,3.4,3.7,3.7,4.0,3.0,2.4,3.7,3.7,4.0,4.0,2.0,3.4,4.0,3.4,3.392
3.4,3.4,4.0,3.0,3.0,3.0,3.0,4.0,3.0,4.0,3.4,4.0,3.7,4.0,3.4,3.4,2.7,3.0,3.7,4.0,3.4,4.0,3.7,2.7,3.7,3.4,3.4,4.0,3.4,3.4,3.4,4.0,3.7,3.451
3.0,3.7,4.0,3.7,3.7,3.7,3.4,4.0,3.0,3.4,3.7,3.7,4.0,3.7,4.0,4.0,3.4,3.0,3.7,4.0,3.7,4.0,4.0,2.7,3.7,4.0,3.7,4.0,4.0,3.4,4.0,4.0,3.4,3.694
2.0,3.0,4.0,3.4,4.0,3.7,3.0,4.0,3.0,2.7,2.7,3.7,2.0,3.0,3.7,2.7,3.4,2.0,3.0,3.7,3.0,3.0,3.7,2.7,3.0,3.4,3.7,3.7,3.7,2.4,3.7,4.0,2.7,3.253
3.7,3.7,4.0,3.4,4.0,4.0,3.4,4.0,3.4,3.4,4.0,4.0,4.0,4.0,4.0,3.7,4.0,4.0,4.0,4.0,3.7,3.7,3.7,3.0,4.0,4.0,4.0,4.0,4.0,3.4,4.0,4.0,3.7,3.806
3.7,4.0,3.4,3.4,4.0,3.4,3.4,4.0,3.7,3.4,4.0,4.0,3.4,3.4,3.7,3.7,3.7,3.0,3.4,4.0,4.0,3.7,3.4,2.7,3.0,3.0,3.4,4.0,4.0,2.4,3.4,4.0,3.0,3.477
1.4,2.7,2.7,3.4,3.7,4.0,3.0,3.7,2.0,2.7,3.0,3.4,3.4,4.0,4.0,3.4,3.4,2.4,3.4,4.0,3.0,3.0,4.0,3.0,3.0,3.7,3.0,4.0,4.0,2.4,4.0,4.0,3.7,3.389
3.4,4.0,4.0,4.0,4.0,3.7,3.4,4.0,4.0,3.7,4.0,4.0,3.7,4.0,4.0,4.0,4.0,3.7,4.0,4.0,3.4,4.0,4.0,3.0,4.0,4.0,4.0,4.0,4.0,3.7,4.0,4.0,3.4,3.82
1.0,2.4,2.7,2.4,3.7,2.0,3.0,3.4,1.0,3.4,2.7,4.0,3.0,3.4,3.7,3.4,3.0,3.0,2.4,3.7,3.0,3.0,4.0,3.0,3.0,3.4,3.4,3.7,2.4,3.0,2.7,4.0,2.4,3.063
2.7,1.4,3.7,3.0,4.0,2.0,3.0,3.7,2.4,2.0,3.0,4.0,2.0,2.4,3.7,4.0,3.0,3.0,2.4,4.0,2.0,2.4,4.0,3.4,2.4,3.7,3.4,4.0,4.0,2.4,3.4,4.0,3.7,3.226
3.0,3.7,4.0,2.7,4.0,4.0,3.7,4.0,3.7,3.0,3.7,3.7,4.0,3.7,4.0,3.7,4.0,2.4,4.0,4.0,3.7,4.0,4.0,2.7,4.0,3.7,4.0,3.7,4.0,4.0,4.0,4.0,4.0,3.721
2.7,3.4,4.0,4.0,4.0,4.0,3.4,4.0,3.7,3.7,4.0,3.7,3.4,4.0,4.0,4.0,4.0,4.0,4.0,4.0,3.7,4.0,4.0,3.0,4.0,4.0,4.0,4.0,4.0,3.4,4.0,4.0,3.7,3.795
2.7,3.4,4.0,3.4,3.7,2.7,3.0,4.0,3.0,2.7,3.4,4.0,2.0,3.0,3.7,3.7,3.7,3.0,3.7,4.0,3.0,3.0,4.0,3.0,3.0,4.0,4.0,3.7,4.0,3.4,3.7,4.0,3.7,3.485
3.4,4.0,4.0,3.4,4.0,3.7,3.7,3.0,4.0,4.0,4.0,3.4,2.0,1.0,3.4,3.0,3.7,2.4,3.4,3.7,3.4,3.7,3.0,3.0,3.4,3.7,4.0,4.0,3.7,3.0,2.4,4.0,2.4,3.437
1.4,3.7,3.0,3.4,2.0,1.7,3.4,2.4,2.0,1.4,1.4,3.0,4.0,1.0,3.0,2.7,2.0,2.4,2.0,2.4,2.7,1.0,3.7,2.7,2.0,2.7,2.0,3.7,1.4,2.4,3.0,4.0,2.0,2.512
2.0,3.4,4.0,3.7,4.0,4.0,3.7,4.0,3.4,3.4,3.7,4.0,2.7,3.7,3.7,4.0,3.7,3.0,3.7,4.0,3.0,2.4,4.0,2.7,3.7,4.0,4.0,4.0,4.0,3.0,4.0,4.0,3.0,3.618
2.4,3.4,3.0,3.0,4.0,3.4,3.4,4.0,3.0,4.0,3.7,4.0,2.7,3.4,4.0,4.0,4.0,2.4,4.0,3.7,3.4,3.7,4.0,3.0,3.7,4.0,4.0,4.0,4.0,3.7,4.0,4.0,3.4,3.631
3.7,3.0,3.7,4.0,4.0,3.7,3.7,4.0,3.4,3.0,3.4,3.4,3.0,3.4,4.0,4.0,4.0,3.4,4.0,3.7,3.4,4.0,4.0,3.0,3.7,4.0,4.0,4.0,4.0,3.7,4.0,4.0,3.7,3.707
2.4,2.4,3.0,2.4,4.0,3.0,3.4,4.0,2.4,1.4,1.4,4.0,3.4,3.7,3.7,3.7,2.7,3.7,2.7,3.4,2.7,2.7,3.7,3.0,2.4,3.4,3.7,3.7,3.4,2.7,3.4,4.0,3.0,3.156
2.0,3.4,4.0,3.4,4.0,3.0,3.4,3.4,2.7,2.4,3.4,3.7,3.7,3.4,3.4,3.7,3.4,3.7,3.4,3.7,3.4,3.4,3.7,2.7,3.0,3.7,4.0,4.0,4.0,2.7,4.0,4.0,3.7,3.491
1.0,2.0,3.0,2.7,2.7,2.7,3.4,4.0,1.4,2.0,1.7,3.4,1.7,2.7,3.0,3.4,2.0,3.0,2.4,3.0,2.4,1.4,3.4,2.4,2.7,3.0,2.4,3.4,3.4,2.7,1.0,3.7,1.4,2.478
2.4,2.0,3.7,3.4,4.0,3.4,3.7,4.0,3.0,3.0,3.7,3.4,3.4,3.7,3.7,3.7,3.7,3.0,3.7,4.0,3.4,3.7,3.7,3.0,3.4,4.0,3.7,4.0,4.0,3.0,3.7,4.0,3.7,3.554
3.4,1.0,1.7,2.0,3.4,1.4,3.7,2.4,1.7,2.0,1.7,3.0,1.0,1.0,3.4,2.7,1.7,2.4,2.0,3.7,3.7,2.0,3.4,2.4,1.7,3.4,3.0,3.7,2.0,2.0,2.0,3.7,2.4,2.557
1.0,2.0,4.0,2.0,2.7,2.7,2.7,2.4,1.4,2.7,2.0,2.4,3.7,2.0,3.0,2.7,1.7,3.0,1.0,2.7,2.7,1.4,2.7,2.4,1.0,2.0,3.0,4.0,2.0,1.4,2.4,4.0,2.0,2.525
4.0,3.7,4.0,3.4,4.0,3.4,3.4,4.0,3.0,4.0,4.0,4.0,3.7,3.4,3.4,2.7,3.7,4.0,2.7,4.0,3.7,4.0,4.0,2.4,3.4,3.4,3.4,4.0,4.0,4.0,3.7,4.0,3.4,3.621
2.4,3.4,3.7,3.4,3.7,2.7,3.4,4.0,3.4,2.0,3.4,3.7,1.4,3.0,3.7,4.0,3.4,2.7,3.4,3.7,3.0,3.7,3.7,2.7,3.0,3.7,3.7,4.0,4.0,3.7,4.0,4.0,3.4,3.442
3.0,3.7,1.0,1.7,2.7,3.0,3.7,2.0,3.0,1.7,3.0,3.4,3.4,4.0,2.7,3.0,1.4,2.0,1.7,2.0,3.4,1.0,3.4,2.7,1.4,3.0,3.0,4.0,2.7,2.7,2.7,4.0,2.7,2.8
1.0,2.0,1.0,1.0,3.0,2.7,3.4,1.4,1.0,1.0,1.4,3.0,1.7,3.7,1.7,3.0,2.7,1.0,2.0,1.7,2.0,2.0,1.0,3.0,0.0,3.0,1.7,3.0,0.0,2.4,1.0,2.4,1.7,1.826
3.0,3.4,1.0,1.7,3.7,2.4,3.4,1.7,2.4,2.4,2.0,3.7,1.7,1.0,3.4,3.4,1.4,3.7,2.0,2.4,3.4,3.4,3.4,3.0,2.7,3.4,3.0,4.0,3.7,2.0,2.0,4.0,2.0,2.851
3.0,1.7,3.0,3.4,4.0,2.4,3.7,3.7,2.7,1.7,2.4,3.7,2.4,3.0,3.7,3.4,2.0,2.7,2.0,2.7,3.7,1.4,3.7,2.7,2.0,3.7,3.4,3.7,3.0,1.7,2.7,4.0,2.7,2.931
1.7,2.0,2.0,2.7,2.7,2.0,3.4,2.7,2.0,2.4,3.0,3.4,1.0,1.7,3.4,3.0,2.4,2.4,2.4,2.4,2.4,1.7,4.0,2.7,2.0,3.0,3.0,4.0,3.7,2.4,3.0,4.0,2.4,2.793
1.0,2.4,2.0,1.7,2.7,1.7,2.4,3.0,1.7,4.0,2.7,2.7,2.7,2.0,3.0,3.0,1.4,3.0,2.0,3.0,1.7,2.0,1.7,2.0,1.7,3.4,2.4,4.0,3.0,2.7,2.7,4.0,2.4,2.611
1.0,1.0,1.7,3.0,1.0,1.7,3.0,1.0,2.0,1.0,1.0,1.7,1.0,3.0,1.7,1.4,1.0,1.7,1.7,2.0,2.4,1.4,1.0,1.7,1.0,2.4,3.0,1.4,1.7,1.4,1.7,2.0,0.0,1.658
1.0,2.4,1.7,1.0,2.7,3.0,3.7,2.0,3.4,1.7,2.4,3.7,1.7,3.7,3.0,3.7,2.7,2.0,2.7,2.4,3.4,1.0,3.4,2.4,2.0,3.0,2.7,3.7,3.4,1.0,2.0,4.0,1.7,2.559
3.4,3.0,4.0,2.7,3.4,3.4,3.4,4.0,3.0,2.7,3.0,3.7,3.0,3.4,3.7,3.4,3.0,2.7,3.0,2.7,3.4,3.0,3.7,2.4,2.7,3.7,3.0,4.0,3.7,2.7,3.4,4.0,3.0,3.245
2.0,2.0,3.0,2.7,3.4,2.7,2.7,3.4,2.0,1.7,3.4,3.4,1.4,1.7,3.4,3.7,2.7,3.7,1.4,2.7,2.0,2.0,3.0,2.4,1.7,3.0,2.4,4.0,2.7,2.0,2.4,4.0,2.0,2.75
2.4,1.4,3.0,2.4,3.7,2.7,3.4,3.0,2.0,1.4,3.0,4.0,1.0,1.7,3.7,3.4,2.4,3.0,3.4,3.4,3.4,2.4,3.0,3.7,2.0,3.7,4.0,4.0,3.0,3.0,3.4,4.0,3.4,3.037
3.0,3.7,4.0,2.0,4.0,3.7,3.0,4.0,3.0,3.0,3.7,2.4,3.7,3.0,3.4,3.7,2.7,3.0,4.0,4.0,2.7,3.0,3.4,3.0,3.0,4.0,3.7,4.0,3.7,3.7,4.0,4.0,3.0,3.395
1.0,2.7,3.0,3.4,3.4,3.0,3.0,3.4,1.4,2.0,2.4,3.7,1.7,1.7,3.7,3.4,2.0,3.0,1.7,3.4,2.7,1.7,3.4,3.7,2.7,3.4,2.0,3.0,3.0,1.0,1.7,4.0,2.7,2.793
2.7,2.4,3.4,4.0,3.0,2.0,3.4,3.0,2.7,1.7,3.0,3.7,1.7,1.7,3.4,3.4,3.0,3.4,2.4,3.7,3.7,2.7,4.0,3.7,2.0,3.7,3.4,4.0,3.4,1.7,3.4,4.0,3.0,3.136
2.0,3.4,2.7,3.0,3.4,2.4,3.4,4.0,2.0,1.0,1.7,3.7,1.0,2.0,3.7,3.7,3.7,2.4,3.0,3.7,3.4,3.0,3.7,3.4,1.7,3.0,3.0,3.7,3.4,2.4,3.7,4.0,3.7,3.094
2.7,2.7,3.0,3.0,4.0,1.4,3.7,3.4,2.4,2.0,3.0,4.0,2.7,1.7,3.4,4.0,3.4,4.0,2.0,4.0,3.7,2.4,3.4,3.7,1.7,4.0,3.7,3.4,3.4,2.0,3.7,4.0,3.0,3.155
1.7,2.4,2.7,1.7,1.7,1.7,3.0,1.4,1.4,1.0,1.4,3.4,1.4,1.0,2.7,2.0,2.0,2.0,1.4,2.0,3.0,1.0,0.0,3.0,2.0,1.7,4.0,4.0,1.7,2.7,1.0,4.0,1.0,2.128
1.7,3.0,4.0,3.7,3.7,2.7,3.4,4.0,1.7,2.0,3.0,4.0,2.4,2.7,4.0,3.4,2.7,2.7,2.4,4.0,3.7,2.4,3.7,3.4,1.7,3.7,3.7,4.0,3.0,2.0,3.7,4.0,3.0,3.205
1.0,1.7,3.0,3.0,3.0,2.7,2.7,3.7,2.4,2.0,3.0,3.0,1.0,1.7,3.0,2.4,2.4,1.7,3.0,2.7,2.4,1.4,2.0,3.0,2.0,2.7,3.4,4.0,2.7,2.7,2.4,4.0,2.0,2.574
1.0,2.7,1.0,2.4,3.0,3.0,3.0,3.4,3.4,2.4,2.7,3.0,1.4,2.4,2.7,2.7,2.7,2.4,3.0,2.7,2.0,2.0,2.4,3.0,1.7,2.4,3.0,3.7,2.0,1.0,2.0,4.0,1.4,2.451
1.0,1.0,2.7,1.0,2.7,1.7,3.0,3.0,3.0,1.0,1.7,2.4,2.4,4.0,3.0,2.0,1.7,1.4,1.7,3.0,2.4,1.7,3.0,3.0,1.7,1.7,2.7,4.0,1.7,1.7,2.0,3.4,1.7,2.321
2.7,1.4,1.4,1.0,4.0,2.4,3.7,3.4,2.0,1.4,2.0,3.4,2.0,1.0,2.7,3.4,2.0,3.0,1.4,3.4,3.0,1.7,3.0,3.4,1.4,2.0,2.4,2.7,2.0,1.0,1.7,4.0,2.0,2.378
1.0,1.0,3.0,1.4,1.7,3.0,3.0,1.4,1.4,1.0,1.7,3.4,3.0,2.4,2.4,3.0,1.4,2.4,2.0,3.0,2.7,1.0,3.4,2.7,1.4,2.0,3.0,4.0,2.7,1.0,2.0,4.0,2.0,2.328
1.0,1.7,1.0,1.7,2.0,2.0,3.4,3.0,1.7,1.4,1.7,3.4,2.4,2.0,3.0,3.4,2.7,3.0,2.0,3.0,3.4,2.0,3.0,1.7,1.7,2.7,3.0,4.0,3.0,2.0,3.0,4.0,1.4,2.548
1.4,2.0,2.7,2.4,2.7,2.7,3.0,4.0,3.4,2.0,3.4,2.7,3.0,2.7,3.0,2.4,2.4,3.0,2.0,4.0,2.0,2.0,3.7,1.7,2.4,2.0,3.0,4.0,2.0,1.0,2.4,4.0,2.0,2.636
2.7,2.7,3.4,3.0,3.4,3.4,3.4,4.0,2.7,3.4,3.0,3.7,3.4,3.0,3.4,3.0,2.7,3.7,3.4,4.0,3.0,1.7,3.4,3.0,2.7,3.4,3.0,4.0,3.7,2.7,2.4,4.0,2.7,3.229
1.0,1.0,3.0,3.0,3.0,2.0,3.0,3.4,1.0,1.7,2.0,3.7,1.4,2.7,2.7,3.4,2.4,3.7,2.0,3.4,3.0,2.4,3.4,3.4,1.7,3.0,2.7,4.0,3.0,1.7,3.4,4.0,3.0,2.779
1.0,2.0,1.0,1.4,2.4,2.7,3.0,1.4,1.4,3.0,1.4,2.0,3.7,2.4,2.4,2.0,1.4,1.4,1.4,2.7,3.4,1.7,3.4,2.7,1.4,4.0,2.0,3.7,1.7,1.7,1.7,4.0,2.0,2.343
3.0,3.0,1.0,4.0,2.0,1.7,3.7,2.0,2.0,1.0,1.0,2.4,3.0,1.0,2.4,1.0,2.4,2.4,1.0,3.4,3.4,2.7,2.4,2.4,2.4,4.0,1.7,3.4,1.0,3.0,1.7,4.0,1.4,2.274
1.0,1.0,1.0,1.4,1.7,3.0,2.4,2.4,1.0,1.0,1.0,3.0,3.7,1.0,2.4,1.7,4.0,1.4,1.4,2.0,2.0,2.0,2.4,2.4,1.4,3.0,1.4,3.7,3.4,3.0,1.4,1.0,1.7,2.04
1.4,1.4,2.0,1.0,2.0,2.0,2.7,2.4,1.4,1.4,2.0,1.7,1.0,1.0,2.4,2.4,2.7,1.4,1.7,3.0,3.0,2.0,1.7,2.4,1.7,1.4,1.0,3.7,3.0,2.0,1.4,4.0,1.4,2.034
1.4,3.7,2.7,2.0,2.7,2.4,3.7,3.0,2.7,1.7,2.4,2.4,3.0,2.0,2.4,2.7,3.0,2.0,2.4,2.4,3.7,3.0,2.0,2.7,1.4,2.7,2.0,4.0,2.0,1.4,1.0,4.0,1.7,2.505
1.4,1.0,2.0,1.0,1.7,3.4,3.0,1.4,3.0,2.0,1.0,3.0,1.0,1.0,3.0,2.7,2.4,3.4,1.7,3.4,2.0,2.0,2.7,2.4,1.0,1.7,1.7,3.7,2.0,1.0,2.4,4.0,3.0,2.26
1.0,3.4,3.7,2.0,2.0,4.0,3.0,3.7,2.4,2.0,3.4,3.0,2.7,3.0,3.4,2.7,4.0,1.7,3.7,4.0,3.0,3.4,4.0,2.7,3.7,3.0,2.4,4.0,2.7,3.4,2.4,4.0,1.7,3.103
1.0,2.0,3.0,1.0,2.7,1.7,3.0,2.7,1.4,1.0,1.0,2.0,1.7,1.4,1.4,3.0,1.7,2.4,1.4,2.4,1.4,1.4,1.7,1.4,1.7,2.0,1.7,3.4,3.4,1.4,1.0,3.4,2.0,1.951
2.0,1.4,1.0,1.7,3.0,2.4,3.4,2.7,2.0,2.0,3.0,3.4,2.0,2.0,3.7,3.0,3.0,2.0,2.0,3.0,3.0,2.0,3.7,3.0,2.7,3.7,3.0,3.4,3.0,2.4,3.0,4.0,2.7,2.773
3.7,4.0,2.4,4.0,4.0,3.0,3.7,3.4,3.0,1.7,1.7,3.4,4.0,3.0,3.4,3.7,2.0,2.0,3.4,2.7,4.0,3.7,3.4,3.4,2.4,3.0,3.4,4.0,4.0,3.4,3.0,4.0,3.0,3.334
4.0,3.7,2.4,4.0,4.0,3.0,4.0,4.0,3.0,3.4,2.4,3.7,3.0,3.7,4.0,3.4,3.4,2.7,3.0,4.0,3.4,2.7,3.7,3.0,2.7,3.4,3.0,4.0,4.0,2.7,4.0,4.0,3.4,3.476
4.0,4.0,3.4,4.0,4.0,2.7,4.0,4.0,3.4,4.0,3.0,4.0,4.0,3.7,4.0,3.7,4.0,4.0,4.0,4.0,3.7,3.4,4.0,2.7,3.7,3.7,3.0,4.0,4.0,3.7,4.0,4.0,3.7,3.765
4.0,4.0,2.4,4.0,2.4,3.4,3.7,4.0,3.7,3.4,2.4,4.0,4.0,3.7,3.4,3.4,2.0,2.4,3.7,3.7,4.0,2.4,3.4,3.4,2.7,3.7,2.4,4.0,3.4,2.0,3.0,4.0,3.7,3.356
3.7,3.4,2.7,4.0,4.0,3.0,4.0,4.0,3.0,3.0,2.0,4.0,3.7,3.0,3.4,3.4,3.0,3.0,3.0,3.4,3.4,3.0,3.4,3.0,2.4,3.0,3.0,4.0,3.7,2.4,3.4,4.0,2.7,3.29
1.4,1.4,2.7,1.7,1.4,2.4,2.7,1.0,1.7,2.4,1.0,2.7,1.0,3.4,1.7,1.0,1.7,1.7,1.7,2.0,3.0,1.0,2.4,2.4,2.7,1.0,1.0,3.0,1.0,0.0,2.0,1.4,2.7,1.949
1.0,1.4,1.0,1.0,1.7,2.0,2.4,2.7,2.0,2.0,1.0,2.7,1.7,1.0,2.4,3.4,1.4,3.0,1.4,2.7,3.0,2.7,0.0,3.0,2.0,1.4,3.0,2.4,0.0,1.0,1.0,1.0,1.0,1.747
1.7,1.4,2.7,2.4,1.4,1.7,3.7,1.7,1.4,1.4,1.4,1.4,1.4,1.4,1.4,1.4,1.4,1.4,1.4,3.0,2.0,1.4,1.7,2.0,1.4,3.0,3.0,1.0,2.4,2.0,1.0,0.0,2.0,1.835
3.4,2.4,4.0,3.4,3.7,3.7,3.0,2.0,3.4,3.7,3.0,2.4,3.0,3.4,2.7,3.4,3.4,3.4,3.4,3.0,3.0,3.0,3.7,3.7,2.4,3.0,3.4,3.7,2.7,2.7,2.7,4.0,2.7,3.207
4.0,3.7,4.0,3.7,3.7,4.0,2.7,4.0,3.7,3.7,3.7,3.0,4.0,4.0,3.7,4.0,4.0,4.0,3.7,4.0,2.7,4.0,4.0,3.0,3.4,3.7,4.0,3.7,4.0,3.0,3.7,4.0,4.0,3.741
4.0,4.0,4.0,4.0,4.0,4.0,4.0,4.0,4.0,4.0,4.0,3.4,4.0,4.0,4.0,4.0,4.0,4.0,4.0,4.0,4.0,4.0,4.0,4.0,4.0,4.0,4.0,4.0,4.0,4.0,4.0,4.0,4.0,3.985
3.7,3.0,4.0,3.7,3.7,4.0,3.0,4.0,3.7,2.7,3.0,3.4,4.0,4.0,3.7,3.7,3.7,3.7,3.0,3.7,3.7,3.4,4.0,2.7,3.0,3.4,3.7,3.4,4.0,3.0,3.4,4.0,2.7,3.477
3.7,3.0,4.0,3.7,3.7,3.7,3.0,3.0,3.4,2.7,2.0,3.4,4.0,4.0,3.0,3.7,3.7,3.4,2.7,3.0,2.7,3.0,4.0,2.7,2.0,2.4,3.0,2.4,1.4,1.4,1.7,3.0,2.0,2.917
4.0,3.4,4.0,3.7,3.4,4.0,3.4,3.7,3.0,3.4,4.0,3.0,4.0,4.0,3.7,4.0,4.0,4.0,3.4,4.0,3.7,3.4,3.7,3.0,3.4,3.4,3.4,2.7,2.7,2.4,3.4,3.7,2.4,3.424
2.0,2.0,4.0,3.7,2.7,3.4,2.4,2.0,3.0,2.7,1.0,3.0,1.0,3.0,2.4,3.4,2.4,2.7,1.4,3.0,3.0,2.0,4.0,3.0,2.4,3.4,3.4,3.4,2.7,1.7,2.0,3.7,3.0,2.784
3.4,2.4,4.0,3.7,2.7,4.0,3.7,3.4,3.7,2.7,1.4,3.0,2.7,2.0,3.4,3.0,3.0,2.0,2.7,2.7,3.0,2.7,3.4,3.0,2.0,3.0,3.0,2.0,1.0,1.0,1.0,3.7,1.7,2.699
3.4,3.0,4.0,3.7,3.0,4.0,3.0,3.0,3.4,3.4,4.0,3.4,4.0,4.0,3.7,4.0,3.7,3.7,3.4,4.0,3.4,3.7,4.0,3.4,3.0,3.7,4.0,3.4,3.4,2.4,3.4,3.7,2.4,3.481
3.7,1.7,3.4,4.0,3.0,2.7,3.7,2.0,3.7,1.7,2.4,3.0,3.0,2.0,3.4,3.0,3.4,2.4,2.7,3.0,2.7,3.0,4.0,3.4,2.0,3.7,3.0,2.7,3.0,2.4,2.7,3.7,3.4,3.014
4.0,2.7,4.0,4.0,3.0,4.0,3.7,3.0,3.7,3.0,3.7,3.7,3.7,4.0,3.7,4.0,3.4,3.7,3.4,2.7,4.0,3.7,4.0,3.7,2.7,3.7,4.0,3.4,3.0,2.7,3.4,4.0,3.0,3.559
4.0,3.0,4.0,3.4,4.0,4.0,2.4,4.0,4.0,3.0,3.7,3.4,4.0,4.0,3.7,4.0,4.0,4.0,3.7,3.7,2.7,3.7,4.0,3.0,3.4,3.7,4.0,4.0,4.0,3.0,4.0,4.0,4.0,3.73
4.0,3.7,4.0,4.0,3.7,4.0,3.0,4.0,4.0,3.0,4.0,3.7,4.0,4.0,4.0,4.0,4.0,4.0,4.0,3.4,3.0,3.7,4.0,3.7,3.4,3.7,4.0,4.0,4.0,3.4,4.0,4.0,4.0,3.831
3.7,1.0,4.0,3.4,3.0,4.0,3.4,3.0,3.7,3.4,3.0,3.0,2.7,3.7,3.0,4.0,4.0,3.4,3.0,3.4,3.4,3.0,3.7,3.4,2.7,3.4,3.7,3.7,2.7,2.7,1.7,3.4,2.0,3.219
3.4,2.4,4.0,3.7,3.4,3.7,2.7,3.7,3.7,3.0,4.0,3.0,2.4,2.7,3.4,4.0,3.4,3.4,3.4,3.4,3.0,3.4,4.0,2.4,2.4,3.4,3.4,2.7,2.0,1.7,2.0,3.0,2.0,3.019
4.0,2.7,4.0,3.7,4.0,3.7,3.4,4.0,3.7,3.0,3.7,2.0,3.4,4.0,4.0,4.0,4.0,3.4,4.0,3.7,3.4,4.0,4.0,3.7,3.7,4.0,4.0,4.0,4.0,3.0,4.0,4.0,4.0,3.756
4.0,2.0,4.0,4.0,3.0,3.7,3.7,1.7,3.7,2.7,3.0,3.0,2.7,3.7,2.7,3.0,2.7,2.4,2.0,2.4,3.0,2.4,4.0,3.0,2.0,3.0,3.0,2.0,2.4,2.0,1.7,4.0,2.4,2.891
3.4,2.0,4.0,2.4,3.7,3.4,4.0,3.4,4.0,3.7,3.4,2.7,2.0,3.7,3.0,3.7,3.4,2.4,2.7,3.0,3.7,3.0,4.0,3.4,3.0,3.0,2.7,3.4,3.4,1.7,3.0,4.0,3.4,3.179
4.0,3.0,4.0,3.0,3.0,4.0,3.0,3.7,3.0,3.4,3.4,3.7,3.7,4.0,2.7,3.4,4.0,3.4,2.0,2.0,2.0,3.4,3.4,3.0,2.4,2.7,3.0,3.7,3.7,2.4,2.4,4.0,2.7,3.137
3.4,2.4,3.4,3.0,2.0,3.7,3.0,3.0,3.4,2.0,2.4,2.7,2.0,2.4,2.7,3.0,2.7,1.0,1.4,2.0,2.7,1.0,3.0,3.4,2.0,1.7,2.4,2.0,1.0,2.0,1.7,3.0,2.0,2.424
3.4,1.4,3.7,3.7,1.7,3.7,3.0,1.0,3.4,1.7,1.7,3.7,1.7,1.0,3.0,3.4,3.0,2.7,2.0,3.0,3.0,1.4,3.7,3.4,2.7,3.4,2.7,3.0,2.0,2.0,2.0,3.4,3.0,2.737
3.0,1.0,3.7,1.4,3.0,3.4,2.4,2.4,1.7,1.0,1.7,2.4,4.0,2.4,2.7,2.0,1.7,2.4,3.0,1.7,1.7,1.0,1.0,2.7,1.4,2.0,2.0,2.4,0.0,2.0,1.0,3.0,2.0,1.989
2.7,3.7,3.4,1.0,3.0,3.0,1.4,3.4,1.0,2.0,1.4,3.4,2.4,3.4,2.0,1.4,2.4,1.4,3.4,3.0,1.7,2.0,1.0,1.0,1.0,1.0,1.7,2.4,1.4,0.0,0.0,1.7,1.0,1.882
3.7,2.0,4.0,4.0,3.7,4.0,3.4,2.7,3.4,3.0,3.0,3.4,2.7,3.4,3.7,4.0,4.0,3.7,2.7,3.7,3.7,3.4,4.0,3.4,3.0,3.4,3.7,3.7,3.4,3.0,4.0,3.4,3.0,3.523
4.0,3.7,4.0,4.0,4.0,4.0,3.0,3.7,4.0,4.0,4.0,3.7,4.0,4.0,4.0,4.0,4.0,4.0,4.0,3.7,4.0,4.0,4.0,3.4,4.0,4.0,4.0,4.0,4.0,3.7,4.0,4.0,4.0,3.908
4.0,3.4,4.0,4.0,4.0,4.0,3.0,4.0,3.7,4.0,3.7,3.0,3.7,4.0,3.7,3.7,4.0,3.7,3.4,3.7,3.7,3.7,4.0,3.7,3.0,3.4,3.7,4.0,3.4,3.4,3.0,3.7,3.7,3.58
2.4,1.0,3.4,2.0,1.4,2.0,1.4,3.0,2.4,1.0,2.0,3.4,2.0,2.4,1.7,2.0,2.7,3.0,3.7,1.0,2.0,1.7,3.7,3.0,2.0,2.0,2.7,2.7,2.4,2.4,2.0,3.4,2.7,2.352
4.0,3.4,4.0,2.4,3.4,3.4,4.0,4.0,4.0,4.0,4.0,2.7,4.0,3.0,2.0,4.0,3.7,3.7,2.7,3.0,3.4,2.4,4.0,3.4,2.4,3.4,2.0,3.0,3.4,1.4,3.4,4.0,3.7,3.332
3.4,1.0,4.0,4.0,2.7,4.0,2.7,2.7,4.0,3.7,3.0,3.4,1.0,2.7,2.0,3.4,3.7,3.4,2.4,2.7,3.0,3.4,4.0,2.7,3.0,2.7,3.7,4.0,2.7,3.7,1.0,3.0,2.4,2.935
3.0,1.4,3.7,3.7,2.0,4.0,2.0,2.7,2.7,2.7,1.0,4.0,2.0,3.0,0.0,0.0,3.0,3.4,1.7,2.0,2.7,2.0,3.4,0.0,1.4,1.7,2.0,2.7,0.0,2.0,1.7,1.7,0.0,1.923
4.0,3.0,4.0,3.0,3.0,4.0,3.4,3.0,4.0,4.0,4.0,2.7,2.7,3.0,2.7,2.7,3.7,4.0,2.4,2.0,3.0,4.0,2.4,3.4,2.0,3.0,2.7,3.4,2.0,1.7,1.7,2.4,2.0,2.918
3.4,2.0,4.0,2.0,2.0,2.0,2.4,4.0,2.0,1.7,3.4,3.0,2.4,3.0,2.4,3.4,3.0,2.4,2.0,3.0,2.7,1.7,4.0,3.0,2.0,3.0,2.7,1.4,2.0,3.7,2.0,3.7,2.7,2.612
1.7,2.4,3.4,1.0,1.4,3.0,3.0,4.0,3.0,2.7,1.7,3.4,1.4,2.4,2.0,2.7,1.7,2.4,2.0,1.4,3.7,3.4,3.4,3.0,4.0,1.7,1.0,2.0,1.0,3.4,1.4,2.7,2.0,2.334
2.0,1.0,3.7,3.4,3.7,3.0,3.0,2.7,2.4,1.4,3.4,3.0,1.0,4.0,1.7,2.0,1.7,2.7,2.0,1.7,2.4,1.7,2.7,3.0,3.0,2.0,1.0,2.0,1.7,3.0,1.4,2.0,2.0,2.206
4.0,4.0,4.0,4.0,4.0,4.0,3.7,4.0,4.0,3.4,4.0,3.7,3.0,4.0,4.0,4.0,4.0,4.0,4.0,4.0,4.0,4.0,4.0,4.0,4.0,4.0,4.0,4.0,4.0,4.0,4.0,4.0,4.0,3.942
3.4,2.7,4.0,4.0,3.0,4.0,3.4,3.0,3.4,3.7,3.4,3.4,2.7,3.7,4.0,4.0,3.4,3.4,3.0,3.4,2.7,3.4,4.0,3.7,3.0,3.4,3.4,3.0,2.7,1.7,3.7,4.0,3.0,3.405
4.0,3.7,4.0,4.0,4.0,4.0,3.7,3.4,3.7,4.0,4.0,3.7,4.0,3.7,3.0,4.0,4.0,4.0,4.0,3.7,4.0,4.0,4.0,3.7,3.7,4.0,4.0,4.0,4.0,3.7,4.0,4.0,3.0,3.843
4.0,2.0,4.0,4.0,3.0,4.0,3.4,3.4,3.7,3.4,1.7,3.7,3.0,3.4,3.0,3.7,3.7,3.4,2.4,3.0,3.4,3.7,4.0,3.4,3.0,3.4,3.7,3.4,3.0,2.0,3.7,4.0,3.0,3.339
4.0,3.4,4.0,4.0,3.7,4.0,4.0,3.7,4.0,4.0,4.0,3.4,3.0,3.7,3.7,4.0,4.0,3.7,3.7,3.0,4.0,4.0,4.0,4.0,3.7,4.0,3.7,4.0,4.0,3.7,3.7,4.0,3.4,3.818
4.0,3.4,4.0,4.0,4.0,4.0,2.4,3.4,3.7,2.7,3.0,3.0,4.0,4.0,4.0,4.0,3.7,3.7,3.4,3.7,2.7,3.7,4.0,3.4,3.7,3.4,4.0,3.7,3.0,3.0,3.4,4.0,3.7,3.607
3.7,3.0,4.0,3.7,4.0,4.0,2.7,4.0,3.4,2.4,4.0,3.4,3.7,3.7,3.7,3.4,3.7,3.7,3.4,3.4,3.7,3.4,4.0,3.0,3.0,3.7,4.0,3.7,3.4,1.7,3.7,4.0,3.0,3.528
3.7,1.7,4.0,4.0,2.7,4.0,2.7,2.7,3.4,3.0,2.0,3.0,2.7,3.7,3.4,4.0,3.4,3.4,2.4,3.4,3.4,3.0,4.0,3.0,2.7,2.7,3.7,3.7,2.7,1.0,3.4,3.7,3.0,3.149
2.4,2.7,4.0,3.0,4.0,3.4,2.7,1.0,2.0,2.0,2.0,3.0,2.0,2.0,1.4,1.4,3.0,2.0,2.0,2.0,2.7,2.0,4.0,2.0,1.4,2.0,2.4,1.0,2.4,0.0,1.4,3.4,1.7,2.264
1.7,1.0,3.0,2.0,1.0,3.0,2.0,3.7,2.0,1.7,1.4,3.0,2.0,2.0,3.0,1.0,2.7,2.0,3.0,3.0,2.4,3.7,2.4,2.0,0.0,1.7,1.0,1.7,1.0,0.0,1.7,2.0,2.4,2.035
4.0,3.7,4.0,4.0,4.0,4.0,3.0,3.7,3.4,3.4,3.7,3.7,3.7,4.0,2.0,4.0,4.0,4.0,3.7,4.0,3.4,4.0,4.0,3.0,3.7,3.7,4.0,3.7,3.7,4.0,3.4,4.0,3.7,3.714
2.7,3.0,3.7,2.7,2.7,4.0,3.0,3.0,3.0,2.4,4.0,3.0,3.0,2.0,3.4,2.7,2.7,2.7,1.0,3.0,3.4,3.0,4.0,3.0,1.7,2.7,2.7,1.7,1.0,1.0,2.0,3.4,2.4,2.706
3.4,2.0,4.0,4.0,3.7,3.7,2.7,3.4,3.7,1.7,3.0,3.4,3.0,3.4,3.7,4.0,4.0,3.4,3.0,3.0,3.7,2.7,4.0,3.4,2.7,3.7,3.4,3.4,3.0,2.0,3.7,4.0,3.4,3.339
3.7,4.0,4.0,4.0,4.0,4.0,3.4,3.7,4.0,4.0,4.0,3.4,4.0,4.0,4.0,4.0,4.0,4.0,4.0,4.0,3.7,4.0,4.0,4.0,4.0,4.0,4.0,4.0,4.0,4.0,3.7,4.0,3.7,3.876
3.7,2.0,4.0,4.0,3.0,4.0,3.4,2.0,3.4,2.4,1.0,3.0,3.4,1.7,3.0,3.4,3.4,2.4,1.7,3.4,3.4,3.4,4.0,3.4,2.4,2.7,3.0,3.4,1.7,1.4,3.0,4.0,2.4,3.019
3.0,1.0,4.0,3.0,2.7,3.0,3.4,2.0,3.4,2.0,2.4,4.0,1.4,2.4,3.0,3.7,2.7,3.4,3.0,2.7,3.0,3.0,4.0,3.0,2.4,2.7,3.4,2.0,2.0,1.0,2.4,3.7,3.0,2.763
3.0,2.0,4.0,3.0,3.4,4.0,2.7,4.0,3.4,3.0,2.7,3.0,3.7,3.0,3.4,3.4,3.7,3.4,2.0,2.7,3.0,3.0,3.7,3.0,2.7,2.7,3.0,3.4,3.0,2.0,2.4,3.4,3.0,3.111
2.7,2.7,3.7,4.0,3.0,4.0,3.0,3.4,3.7,3.4,2.7,3.0,4.0,3.0,2.7,3.4,3.0,3.0,1.7,3.4,3.0,3.0,4.0,3.4,3.7,3.0,3.4,3.4,3.0,2.0,3.0,4.0,2.7,3.211
2.7,2.7,3.7,1.7,1.7,2.4,2.7,1.0,2.0,1.4,3.4,2.7,2.7,2.0,2.4,2.7,3.0,2.0,1.0,3.0,2.7,2.0,4.0,2.7,1.4,2.0,3.4,2.4,1.4,0.0,2.7,3.0,1.7,2.414
3.4,1.7,3.7,4.0,3.0,3.7,3.0,4.0,2.7,1.7,2.4,3.4,1.4,2.0,2.0,3.7,3.0,2.0,1.7,3.0,3.0,1.4,3.4,1.7,2.4,3.0,2.4,3.4,1.7,3.7,2.7,3.0,2.7,2.779
3.4,1.0,4.0,3.4,3.0,4.0,3.7,3.4,3.7,3.4,3.0,3.4,2.7,1.4,3.4,3.7,4.0,3.4,3.0,3.4,3.7,3.4,4.0,3.0,2.7,3.7,3.7,3.0,2.0,1.4,1.4,3.0,2.7,3.099
2.7,1.4,4.0,3.7,2.4,4.0,3.7,1.0,3.0,2.0,1.7,3.4,1.0,1.0,3.0,3.0,3.0,2.7,1.4,3.0,3.4,1.7,3.0,3.4,2.0,2.7,2.4,2.4,1.7,0.0,1.7,2.0,1.4,2.444
2.7,3.7,2.4,1.0,3.0,3.0,3.7,3.7,2.0,1.0,1.0,2.4,1.0,0.0,1.7,1.4,2.0,1.4,3.0,2.7,1.7,1.0,3.0,1.4,0.0,1.7,1.0,2.4,0.0,0.0,0.0,2.4,2.4,1.896
3.0,1.4,4.0,3.4,3.7,4.0,3.0,3.4,3.4,3.4,3.0,3.4,3.4,2.0,2.4,3.7,3.4,3.4,2.0,2.7,2.7,2.7,3.4,2.7,2.0,3.0,3.0,3.0,2.4,1.4,2.4,3.4,2.4,2.87
3.7,3.4,4.0,4.0,3.7,4.0,3.7,4.0,4.0,4.0,3.0,2.7,3.4,4.0,3.0,3.7,4.0,4.0,3.0,2.7,3.4,3.7,4.0,3.4,3.7,4.0,4.0,4.0,4.0,3.7,3.4,4.0,3.0,3.648
4.0,4.0,4.0,4.0,4.0,4.0,4.0,4.0,4.0,4.0,4.0,3.0,4.0,4.0,3.7,4.0,4.0,4.0,4.0,3.7,3.7,4.0,4.0,3.7,3.7,4.0,4.0,4.0,3.7,4.0,3.7,4.0,4.0,3.868
3.0,3.0,3.7,3.4,3.7,3.7,4.0,1.0,3.4,4.0,4.0,3.0,3.7,4.0,3.0,3.7,4.0,4.0,3.7,3.7,3.4,4.0,4.0,3.4,3.4,3.7,3.7,3.4,3.0,3.0,1.7,3.4,2.0,3.303
3.0,3.0,4.0,3.4,2.7,4.0,3.0,3.4,4.0,4.0,4.0,3.0,3.0,3.0,2.0,3.0,3.4,3.0,2.0,1.7,3.0,3.4,4.0,3.4,2.7,3.4,2.7,3.0,2.7,3.0,1.7,3.0,2.0,3.01
3.0,2.0,4.0,3.4,2.7,4.0,3.0,2.7,3.4,2.7,4.0,3.4,3.0,2.7,3.4,3.7,3.0,1.4,2.0,2.7,3.0,3.0,3.7,3.7,2.7,3.4,3.0,3.4,3.0,2.0,2.4,3.4,3.0,3.114
3.7,2.7,3.7,3.7,3.4,4.0,3.4,3.7,3.7,3.4,2.7,3.0,3.0,3.0,1.7,3.7,4.0,4.0,2.4,2.7,3.0,1.0,4.0,2.7,2.4,3.4,3.0,2.0,3.0,2.0,1.7,3.7,2.7,3.015
2.0,2.7,2.4,2.7,3.4,2.4,2.7,3.4,2.7,1.0,1.7,4.0,1.4,1.4,2.7,1.4,2.4,1.0,2.0,3.0,2.0,2.0,2.4,1.4,0.0,1.7,1.0,2.4,0.0,0.0,1.0,1.0,0.0,1.886
2.4,1.0,4.0,1.4,2.7,3.7,3.0,4.0,3.4,2.0,2.7,2.7,1.0,1.4,2.4,2.4,3.0,2.0,1.7,2.7,2.7,1.0,3.7,2.4,1.7,2.7,3.0,2.0,1.7,3.0,2.0,2.7,2.0,2.442
3.4,1.4,4.0,2.7,3.4,3.0,3.4,3.7,3.7,2.0,3.7,3.0,3.4,3.4,2.7,2.7,3.0,3.4,1.7,3.0,4.0,2.0,3.7,2.7,2.0,3.4,3.4,3.0,2.7,2.0,2.4,3.4,2.7,2.947
3.4,2.7,3.7,3.4,3.0,3.4,2.0,3.0,3.7,3.4,3.7,1.7,3.4,4.0,1.7,3.0,3.4,3.4,1.0,1.0,1.7,3.7,2.0,1.4,0.0,2.0,2.0,2.4,1.0,3.4,2.4,2.4,2.4,2.602
4.0,3.0,4.0,4.0,4.0,3.4,4.0,3.0,4.0,4.0,3.4,3.0,2.0,1.0,3.4,3.7,4.0,3.4,2.4,2.7,3.7,3.7,4.0,3.4,3.0,3.7,3.4,3.4,3.4,2.4,2.7,4.0,3.0,3.35
4.0,4.0,4.0,4.0,4.0,4.0,3.7,4.0,4.0,3.7,4.0,3.7,4.0,4.0,4.0,4.0,4.0,4.0,3.7,3.7,3.0,4.0,4.0,3.7,3.7,4.0,4.0,4.0,4.0,4.0,4.0,3.7,4.0,3.878
3.7,4.0,4.0,3.4,4.0,3.7,4.0,2.7,4.0,4.0,3.7,3.0,2.7,3.0,3.4,3.7,4.0,4.0,4.0,3.7,3.7,4.0,4.0,3.0,3.4,4.0,4.0,4.0,3.7,4.0,3.0,3.4,3.4,3.576
3.4,3.0,4.0,4.0,3.0,4.0,4.0,4.0,4.0,4.0,3.4,3.0,3.4,3.4,3.7,3.7,3.4,3.0,3.0,3.0,3.4,3.0,3.7,3.7,2.0,3.7,3.0,3.4,3.0,3.0,2.0,3.7,2.7,3.346
4.0,3.0,4.0,3.7,4.0,4.0,3.4,3.4,4.0,3.7,4.0,3.4,4.0,4.0,3.7,4.0,3.7,3.7,2.4,2.7,3.4,4.0,4.0,4.0,3.0,3.4,3.4,3.0,3.7,2.7,3.7,4.0,4.0,3.583
4.0,4.0,4.0,4.0,4.0,4.0,3.7,4.0,4.0,4.0,4.0,4.0,4.0,4.0,4.0,4.0,4.0,4.0,4.0,4.0,4.0,4.0,4.0,4.0,4.0,4.0,4.0,4.0,4.0,4.0,4.0,4.0,4.0,3.97
4.0,4.0,4.0,4.0,4.0,4.0,3.4,4.0,4.0,4.0,4.0,3.7,4.0,4.0,4.0,4.0,4.0,4.0,4.0,4.0,3.4,4.0,4.0,3.7,3.7,4.0,4.0,4.0,4.0,4.0,4.0,4.0,4.0,3.949
4.0,3.7,4.0,4.0,4.0,4.0,3.4,4.0,3.7,3.7,3.7,3.4,4.0,4.0,2.7,4.0,4.0,4.0,3.0,2.4,3.0,4.0,3.7,3.0,3.0,3.7,3.7,2.7,3.0,2.0,2.4,4.0,3.0,3.481
3.4,3.7,4.0,4.0,4.0,4.0,4.0,3.0,4.0,4.0,4.0,3.7,3.7,3.4,3.4,3.7,4.0,4.0,3.4,3.0,4.0,4.0,4.0,3.7,3.0,3.7,3.7,4.0,4.0,4.0,4.0,4.0,4.0,3.763
3.0,2.0,4.0,3.0,2.7,3.4,4.0,1.0,3.0,2.0,2.7,3.0,2.0,1.0,3.7,2.7,2.0,1.4,4.0,3.7,3.7,2.7,2.7,3.0,2.4,3.4,2.4,3.4,2.0,2.7,1.4,2.7,1.4,2.782
4.0,4.0,4.0,3.7,4.0,4.0,3.7,4.0,4.0,4.0,4.0,3.7,4.0,4.0,3.7,4.0,4.0,4.0,4.0,3.4,4.0,4.0,4.0,3.4,3.4,4.0,4.0,4.0,4.0,4.0,4.0,4.0,4.0,3.863
4.0,3.0,4.0,4.0,4.0,4.0,3.7,3.4,3.7,3.4,3.7,4.0,4.0,3.7,4.0,4.0,3.7,4.0,3.0,3.4,4.0,3.0,3.7,4.0,3.0,4.0,3.4,3.7,3.7,3.4,3.7,3.7,3.4,3.711
3.7,2.0,4.0,3.4,4.0,3.7,3.0,3.0,3.4,1.7,2.4,3.7,4.0,4.0,3.7,4.0,3.4,4.0,2.7,3.4,3.0,3.0,4.0,3.0,3.0,3.4,3.7,3.4,3.4,2.4,3.7,4.0,4.0,3.443
3.4,2.7,4.0,3.7,3.0,4.0,4.0,1.7,3.7,3.7,3.7,1.4,2.4,1.4,2.7,3.7,3.0,1.0,3.7,3.7,3.0,2.7,3.4,3.0,1.7,3.4,2.7,3.0,2.4,3.0,2.7,3.7,3.4,3.107
3.7,1.7,4.0,4.0,3.4,3.7,3.7,3.0,3.7,3.0,3.0,3.4,2.4,2.0,3.0,3.7,2.7,2.7,1.7,2.0,3.4,2.4,3.7,3.7,2.0,3.0,3.4,3.4,2.7,2.4,3.0,3.7,3.0,3.116
3.7,1.0,4.0,3.4,3.4,4.0,3.0,3.0,3.4,3.4,2.7,2.7,2.7,2.7,3.0,3.7,2.7,2.4,2.0,2.4,2.7,2.0,3.7,2.7,2.4,3.7,4.0,3.0,2.4,2.0,2.7,3.4,3.4,3.056
2.0,4.0,4.0,1.7,1.4,2.4,2.7,2.0,1.7,1.4,1.7,3.7,2.0,2.4,3.4,2.4,2.7,1.0,2.7,3.0,2.7,2.7,1.7,1.4,1.0,1.4,2.0,1.7,1.7,0.0,1.0,1.4,1.4,1.992
3.4,1.7,4.0,3.0,4.0,3.0,3.4,1.0,3.4,3.4,3.7,3.4,2.4,3.0,3.4,3.4,3.7,3.0,3.4,2.0,3.4,4.0,4.0,3.0,2.4,3.4,3.0,3.7,3.4,2.4,3.4,4.0,3.4,3.24
2.7,1.0,3.7,3.0,2.0,2.7,2.7,3.7,2.0,2.4,3.7,3.4,3.0,2.0,3.0,1.7,3.0,1.0,3.0,3.4,2.4,3.0,1.7,3.0,1.0,2.7,1.7,2.4,1.0,0.0,1.7,3.0,2.0,2.484
2.0,1.0,3.4,2.7,2.7,3.0,4.0,1.0,2.4,1.7,1.4,3.4,1.0,2.0,1.4,2.0,1.7,1.7,2.7,1.4,3.4,1.4,3.7,3.0,1.0,2.7,3.0,2.4,1.4,1.0,1.7,1.4,2.0,2.288
2.7,2.4,4.0,2.7,2.7,2.0,3.7,3.7,3.0,1.0,2.0,2.0,4.0,3.7,2.4,3.7,4.0,2.7,1.4,2.4,3.0,4.0,3.4,1.7,1.4,2.7,1.7,1.0,2.0,1.4,1.7,3.4,2.0,2.489
3.0,1.0,3.4,3.7,2.7,3.4,3.0,1.0,3.4,1.0,1.0,3.0,1.4,1.7,3.7,3.4,2.4,2.7,2.0,2.7,3.7,2.0,4.0,3.4,3.0,3.7,3.7,3.0,4.0,2.7,3.0,4.0,3.0,3.027
2.7,1.7,4.0,2.4,2.4,3.4,3.4,1.0,3.7,1.7,1.7,2.4,1.0,1.4,3.0,3.7,2.0,1.7,1.7,2.4,3.4,2.4,3.4,3.4,2.7,3.4,3.7,2.7,2.4,1.4,2.7,3.7,3.0,2.776
3.0,1.0,3.7,1.0,3.4,1.4,3.4,1.7,1.7,2.0,2.4,3.0,2.0,1.7,1.7,3.0,1.7,2.4,1.7,1.7,3.4,2.4,3.4,2.7,1.0,2.0,2.4,1.7,0.0,1.0,0.0,1.4,0.0,1.953
3.4,1.7,4.0,3.7,4.0,4.0,4.0,3.4,4.0,3.4,2.7,3.4,2.7,2.4,3.0,3.4,3.0,3.4,2.0,3.0,3.4,3.0,4.0,3.4,2.7,3.7,3.7,3.4,3.7,3.0,2.7,4.0,2.0,3.272
3.4,1.0,4.0,3.7,3.4,4.0,3.0,1.4,3.4,2.7,3.4,3.4,2.4,3.0,3.4,3.4,2.4,2.7,2.4,2.4,3.0,2.7,3.4,3.4,1.7,3.4,3.0,3.0,2.7,1.0,2.0,3.7,3.0,2.951
3.7,2.7,3.7,3.4,4.0,3.4,3.7,2.0,3.4,3.0,4.0,3.4,2.4,2.0,3.0,3.4,2.7,3.7,2.4,2.0,3.0,3.0,4.0,2.7,2.0,3.0,3.4,3.0,2.7,1.7,3.0,2.7,2.4,2.982
4.0,1.4,4.0,3.7,2.7,3.7,3.0,3.0,4.0,3.7,3.0,3.0,2.0,2.7,3.0,3.0,2.0,3.4,1.7,2.7,3.0,2.0,3.4,3.4,2.0,3.4,3.4,2.7,3.0,1.7,2.4,4.0,2.0,2.96
1.7,1.4,2.7,2.0,2.7,2.0,3.0,1.7,3.4,2.4,1.7,2.7,1.4,0.0,1.0,2.0,1.0,1.0,1.0,1.4,3.0,3.4,1.4,2.4,0.0,2.0,1.7,2.0,1.4,0.0,3.4,1.0,1.7,1.863
2.0,3.7,3.0,3.7,2.4,3.0,2.4,1.4,2.4,2.7,2.0,3.0,2.0,1.4,2.0,1.7,3.4,1.0,2.0,2.0,2.7,3.0,1.4,2.0,0.0,2.0,1.7,1.4,1.0,0.0,1.0,0.0,0.0,1.806
2.7,1.0,4.0,3.7,2.7,4.0,3.0,1.0,3.4,2.0,1.0,2.4,1.0,1.7,2.4,3.0,1.0,2.4,1.4,2.0,3.0,1.0,2.7,2.4,1.0,3.0,2.0,1.7,1.4,1.7,3.4,3.0,2.7,2.328
2.7,3.7,4.0,4.0,2.4,3.4,4.0,3.7,3.0,1.7,1.7,3.0,2.7,1.4,2.0,3.0,2.7,2.7,1.0,2.7,3.0,1.7,3.7,3.0,3.4,3.0,2.7,2.0,1.0,0.0,1.4,2.7,2.4,2.576
2.0,3.7,4.0,2.4,2.0,2.7,2.4,4.0,2.7,4.0,1.4,2.4,2.4,3.0,4.0,2.7,3.7,2.4,4.0,4.0,3.0,3.7,3.0,2.0,2.7,3.0,3.7,2.0,3.0,1.4,2.7,3.7,2.7,2.941
3.0,2.0,3.7,2.0,2.7,3.4,2.7,1.0,2.7,2.4,2.7,2.0,3.7,2.4,1.7,2.7,3.0,1.0,3.7,2.0,3.4,3.0,2.7,2.7,2.0,3.0,3.4,2.4,1.4,2.4,3.0,3.4,2.7,2.659
1.7,1.0,3.0,3.4,1.7,2.7,2.4,3.0,2.4,3.4,3.7,3.0,1.0,2.0,3.0,1.0,1.4,1.0,2.4,1.4,2.0,2.4,3.4,1.4,2.0,2.7,1.0,2.7,1.4,0.0,1.0,1.0,1.0,1.957
4.0,3.4,4.0,4.0,3.7,4.0,4.0,4.0,4.0,4.0,4.0,2.4,4.0,3.7,3.7,4.0,4.0,4.0,3.0,3.4,3.7,4.0,4.0,3.4,3.4,4.0,4.0,3.4,4.0,3.4,3.0,4.0,3.4,3.734
4.0,4.0,4.0,4.0,4.0,4.0,3.4,4.0,4.0,4.0,4.0,3.0,3.0,3.7,4.0,4.0,4.0,4.0,4.0,3.0,3.7,4.0,4.0,3.7,4.0,4.0,4.0,4.0,4.0,4.0,3.7,4.0,4.0,3.876
4.0,4.0,4.0,3.7,3.7,4.0,3.7,4.0,4.0,3.4,4.0,3.7,4.0,4.0,4.0,4.0,4.0,4.0,4.0,4.0,3.7,4.0,4.0,4.0,3.7,4.0,4.0,4.0,4.0,4.0,4.0,4.0,4.0,3.942
4.0,2.4,4.0,3.7,3.4,4.0,4.0,4.0,4.0,4.0,3.4,3.0,3.4,4.0,3.7,3.7,3.7,3.7,3.7,2.7,4.0,3.7,4.0,3.0,3.4,4.0,3.0,3.4,3.4,3.0,3.4,4.0,3.4,3.566
3.4,2.0,4.0,3.0,3.7,4.0,3.4,1.4,3.4,2.7,3.4,3.4,1.7,3.0,3.4,4.0,3.0,3.0,3.4,3.0,3.0,3.7,4.0,3.0,3.0,3.0,3.4,3.4,2.4,2.0,2.4,3.0,2.7,3.068
3.7,3.4,4.0,3.7,4.0,4.0,4.0,4.0,4.0,4.0,4.0,3.4,3.7,3.0,3.7,4.0,4.0,3.7,4.0,3.4,3.7,4.0,4.0,3.7,3.4,4.0,4.0,3.4,3.7,3.7,3.0,4.0,3.0,3.679
2.7,2.7,4.0,4.0,3.7,4.0,3.7,3.0,3.4,3.4,3.0,3.7,2.4,3.0,3.4,4.0,3.7,3.7,2.4,3.4,3.7,3.4,4.0,3.4,3.0,3.4,3.4,3.4,3.0,2.0,3.4,3.7,3.4,3.369
3.7,2.7,4.0,3.7,3.7,4.0,3.7,2.7,3.0,3.4,3.0,3.0,3.0,3.4,2.7,3.7,3.4,3.7,3.0,3.4,3.7,4.0,3.0,3.4,3.0,3.7,3.4,3.7,3.4,2.7,3.0,3.7,2.4,3.365
4.0,2.4,4.0,2.7,3.7,4.0,2.0,3.4,3.4,3.4,3.0,3.4,3.0,3.7,3.7,4.0,3.7,3.7,3.0,3.4,3.4,4.0,4.0,3.0,3.0,3.7,4.0,3.4,3.4,2.7,3.4,4.0,3.4,3.504
4.0,2.0,4.0,3.7,4.0,4.0,3.0,3.7,3.4,2.4,2.4,3.4,4.0,4.0,3.4,3.7,3.4,3.7,2.0,3.4,3.4,2.4,3.7,3.0,2.7,3.4,4.0,3.7,2.7,2.7,3.4,4.0,3.4,3.386
3.7,2.0,4.0,3.7,4.0,3.4,3.7,2.7,4.0,3.4,3.7,3.4,3.0,3.7,3.7,3.7,3.4,3.7,2.7,3.0,4.0,3.7,4.0,3.7,3.0,3.7,3.7,3.4,3.4,1.7,3.7,4.0,3.7,3.499
4.0,2.4,4.0,3.4,3.4,3.7,3.4,3.0,3.4,3.4,3.7,3.4,3.0,3.4,3.4,3.7,3.4,3.4,2.0,2.7,3.0,3.4,4.0,3.0,3.4,4.0,3.4,3.4,3.7,3.4,3.7,4.0,4.0,3.452
4.0,3.4,4.0,3.4,4.0,4.0,3.4,2.0,3.7,3.0,3.4,3.0,3.0,4.0,4.0,4.0,3.7,4.0,4.0,3.4,3.4,4.0,4.0,3.7,4.0,4.0,4.0,4.0,4.0,4.0,3.7,4.0,4.0,3.765
3.7,3.4,4.0,4.0,4.0,4.0,4.0,3.0,4.0,4.0,3.7,3.0,3.0,3.7,4.0,4.0,4.0,3.4,3.7,3.0,3.4,3.7,4.0,4.0,3.4,3.7,4.0,3.4,4.0,3.0,3.7,4.0,4.0,3.696
4.0,3.7,4.0,3.7,4.0,4.0,3.7,3.0,4.0,4.0,3.7,3.7,2.7,4.0,4.0,4.0,4.0,4.0,4.0,3.0,4.0,4.0,4.0,3.7,3.4,4.0,4.0,3.7,4.0,3.4,3.7,3.7,3.7,3.816
4.0,3.0,4.0,3.7,3.7,4.0,3.4,3.4,3.4,2.7,4.0,3.4,3.0,3.4,4.0,4.0,3.7,4.0,2.7,3.4,3.0,4.0,4.0,3.4,3.4,4.0,4.0,3.4,3.7,3.4,3.7,0.0,2.4,3.607
3.7,1.7,4.0,4.0,3.0,3.0,3.7,4.0,3.7,2.0,2.7,3.4,1.7,2.0,3.0,3.4,2.4,2.0,2.0,2.4,3.4,1.7,4.0,3.4,2.4,3.4,3.4,3.7,3.4,3.0,3.0,3.4,3.0,3.029
3.0,3.0,4.0,4.0,3.7,3.7,3.7,1.0,3.7,2.7,3.0,3.4,2.0,2.0,3.4,3.7,3.0,2.0,2.4,2.4,3.4,2.4,3.7,3.4,2.7,3.4,4.0,3.0,3.4,3.0,2.7,3.0,3.0,3.068
3.0,1.0,4.0,3.4,3.4,3.7,2.7,1.0,3.0,2.0,1.0,3.0,2.0,2.0,3.7,3.7,3.0,3.0,2.4,2.4,3.4,2.7,3.7,3.4,3.0,3.7,4.0,3.0,2.7,2.0,3.4,3.4,3.4,3.019
2.7,2.4,3.7,3.4,1.7,3.0,2.4,1.0,2.7,1.7,1.4,3.0,2.4,1.0,1.7,3.0,1.0,1.0,3.0,1.0,3.0,1.7,1.4,3.0,1.4,2.0,1.7,1.7,1.4,2.7,1.4,2.0,2.7,2.146
4.0,4.0,4.0,4.0,2.4,4.0,3.4,2.0,3.4,3.4,2.4,3.4,4.0,2.7,3.4,3.7,2.7,2.4,2.4,2.0,3.7,3.0,3.4,3.7,2.7,3.7,4.0,3.4,2.7,2.0,3.0,3.0,3.0,3.182
3.7,2.0,4.0,4.0,3.0,3.0,2.7,1.7,2.7,2.0,2.7,1.7,4.0,3.0,3.0,3.4,2.0,2.7,1.7,2.0,3.4,4.0,2.0,3.0,2.4,3.0,3.4,2.7,3.0,1.0,2.4,3.4,2.7,2.86
2.7,3.0,4.0,2.0,4.0,3.7,1.4,3.7,1.0,1.0,4.0,2.7,3.0,4.0,4.0,2.4,3.0,3.4,2.4,2.7,1.0,2.7,2.0,0.0,2.0,1.0,1.7,1.4,1.7,3.4,0.0,4.0,2.0,2.359
4.0,2.7,4.0,3.4,4.0,4.0,3.4,3.4,4.0,3.7,3.7,3.4,3.7,3.0,3.4,3.0,3.7,3.7,3.7,3.0,2.7,4.0,4.0,3.0,2.4,3.0,3.0,3.0,2.0,3.0,2.0,3.4,2.7,3.218
2.7,2.0,4.0,3.4,1.7,4.0,3.0,2.0,3.0,3.0,1.7,3.0,3.0,3.4,2.0,3.0,1.7,2.4,1.0,2.0,3.4,2.4,3.4,2.0,4.0,3.0,3.0,1.7,1.0,3.4,1.0,2.4,2.0,2.406
4.0,3.0,4.0,2.4,4.0,4.0,3.7,4.0,2.7,3.4,3.4,3.0,3.4,3.4,3.7,3.4,3.7,4.0,3.4,3.7,3.4,4.0,4.0,3.4,3.0,3.4,3.0,3.7,3.0,2.4,3.0,3.7,3.4,3.491
3.4,1.7,4.0,2.4,3.0,3.7,3.4,2.0,3.4,3.0,3.4,3.0,3.0,3.0,2.4,3.4,3.4,2.4,1.7,2.0,3.4,3.4,4.0,3.0,2.0,2.4,3.0,2.0,2.0,1.4,2.0,3.7,2.4,2.88
2.7,2.0,4.0,2.7,1.7,3.0,3.0,2.7,1.7,3.4,1.4,3.0,4.0,2.0,1.4,2.4,1.4,1.0,3.4,2.4,2.4,1.4,2.4,2.0,3.4,1.0,1.7,1.7,0.0,1.0,2.0,1.0,1.7,2.206
4.0,3.4,4.0,4.0,4.0,3.4,3.7,3.0,3.7,4.0,3.4,3.0,3.7,2.0,4.0,4.0,4.0,4.0,3.7,3.7,3.7,4.0,4.0,3.7,3.4,3.0,3.4,3.0,4.0,3.0,2.7,4.0,3.7,3.624
3.4,2.4,3.0,3.7,2.7,3.4,3.4,2.0,3.0,4.0,2.0,3.0,3.7,0.0,3.0,2.0,2.7,1.7,1.4,1.7,3.7,2.4,1.4,2.7,2.0,3.0,2.0,2.7,1.7,0.0,2.7,1.7,2.0,2.429
3.7,2.7,4.0,4.0,3.7,4.0,3.4,3.7,3.4,4.0,2.7,3.0,2.4,3.4,2.7,3.7,3.7,3.4,2.7,3.7,3.0,3.7,4.0,3.4,2.4,3.4,3.4,3.0,2.4,3.0,2.7,3.4,3.4,3.172
3.7,2.4,4.0,3.0,3.0,3.7,2.4,1.0,3.0,3.7,3.7,3.4,2.7,3.0,3.4,3.4,3.4,3.7,2.0,2.7,3.4,4.0,3.4,3.7,2.7,3.0,3.0,3.4,3.0,3.4,2.7,3.4,2.7,3.226
3.4,1.7,4.0,1.4,2.4,3.7,1.7,2.4,2.4,3.0,2.0,3.0,3.0,3.7,2.4,3.0,2.7,3.4,4.0,3.0,1.0,2.4,2.7,0.0,2.0,2.0,2.7,1.7,1.0,3.4,1.0,3.4,2.0,2.37
2.7,3.0,3.7,3.4,2.7,3.4,3.7,4.0,3.0,3.0,2.0,3.4,2.7,3.4,2.7,3.7,2.4,3.0,4.0,4.0,3.0,2.7,4.0,3.4,2.4,2.7,2.0,2.0,2.0,1.0,1.0,3.4,2.7,2.828
3.0,3.0,4.0,2.0,3.0,3.4,3.0,1.7,3.4,3.4,2.7,2.4,1.7,2.4,3.0,2.4,2.4,2.7,2.0,2.0,2.4,3.0,4.0,2.7,2.4,2.7,3.0,3.0,2.4,2.0,2.7,3.7,3.0,2.821
3.7,3.0,4.0,1.4,3.4,3.7,2.0,4.0,2.4,2.0,3.0,3.0,3.4,3.0,2.0,3.0,3.0,4.0,1.7,2.0,2.0,2.4,4.0,3.0,2.4,2.0,3.4,3.0,1.7,2.7,1.7,3.4,2.0,2.612
3.7,1.0,4.0,2.0,3.4,3.4,2.0,3.7,2.7,1.0,3.4,3.0,1.7,3.0,2.0,3.4,2.7,2.4,3.4,3.7,2.0,3.4,2.4,2.7,2.4,3.0,2.7,2.4,2.0,1.0,1.7,3.0,2.4,2.607
0.0,0.0,1.0,1.7,2.4,1.4,1.0,2.4,2.4,2.4,2.4,2.4,2.4,2.4,2.4,2.4,2.4,2.4,2.4,2.4,2.4,2.4,2.4,2.4,2.4,2.4,2.4,2.4,2.4,2.4,2.4,2.4,2.4,0.8
3.0,4.0,4.0,3.7,4.0,4.0,3.7,3.7,4.0,3.4,4.0,4.0,4.0,4.0,4.0,4.0,4.0,4.0,4.0,4.0,3.0,3.7,4.0,3.0,3.7,3.7,4.0,4.0,4.0,4.0,3.4,3.7,3.7,3.798
4.0,4.0,4.0,4.0,4.0,4.0,4.0,3.7,4.0,4.0,4.0,3.4,2.4,3.7,3.0,4.0,4.0,4.0,4.0,4.0,4.0,3.0,4.0,4.0,4.0,4.0,4.0,4.0,4.0,4.0,3.7,3.4,3.4,3.772
3.0,4.0,3.7,3.4,4.0,4.0,4.0,4.0,4.0,3.0,4.0,2.7,3.0,3.4,3.0,3.7,4.0,3.4,3.0,4.0,3.4,3.0,4.0,3.0,2.7,3.4,3.4,4.0,3.0,2.4,3.4,3.7,3.0,3.47
4.0,3.4,1.0,4.0,1.0,1.4,2.7,1.7,2.7,1.7,4.0,2.4,1.0,1.0,3.0,2.7,3.0,2.7,2.0,2.7,1.4,1.4,2.4,1.0,2.0,2.0,2.4,1.7,1.0,2.7,3.4,1.0,3.0,2.193
2.0,1.0,1.0,2.0,2.0,1.4,3.0,2.4,2.0,1.4,2.7,2.4,1.7,3.4,1.4,3.4,1.7,3.0,1.4,1.7,2.0,1.4,2.0,1.0,0.0,1.0,1.0,2.0,0.0,1.7,1.4,2.4,2.0,1.753
